longitude_list,latitude_list,sflux_data_list
0.0,-90.0,1.656027526828101e-14
0.0,-85.0,9.727265661483134e-15
0.0,-80.0,6.614416911227657e-15
0.0,-75.0,5.1743812520232334e-15
0.0,-70.0,5.332163492015463e-15
0.0,-65.0,8.593716245041832e-15
0.0,-60.0,7.49118235141272e-15
0.0,-55.0,1.5910517409162377e-14
0.0,-50.0,4.261914486670765e-14
0.0,-45.0,1.7390576056533452e-13
0.0,-40.0,3.9683174959117127e-13
0.0,-35.0,6.516717021352898e-13
0.0,-30.0,2.747993484033601e-12
0.0,-25.0,1.9997992040919986e-12
0.0,-20.0,1.4248721049381887e-12
0.0,-15.0,1.826194738890342e-12
0.0,-10.0,1.9446556660657953e-12
0.0,-5.0,1.5777191837753079e-10
0.0,0.0,4.0705623041686635e-09
0.0,5.0,6.332188973458764e-11
0.0,10.0,6.614743667482451e-11
0.0,15.0,3.487223279590243e-11
0.0,20.0,2.966896866329983e-11
0.0,25.0,5.338250101785485e-13
0.0,30.0,2.8031412701199835e-13
0.0,35.0,2.2469886331749513e-13
0.0,40.0,2.400770353789959e-13
0.0,45.0,2.603170905462254e-13
0.0,50.0,2.559660727767868e-13
0.0,55.0,2.44123875223704e-13
0.0,60.0,1.6250624675235794e-13
0.0,65.0,1.661529834971271e-13
0.0,70.0,1.2657250435747487e-13
0.0,75.0,7.588631580914867e-14
0.0,80.0,7.799080050192288e-14
0.0,85.0,7.866661519044143e-14
0.0,90.0,7.731334004579847e-14
5.0,-90.0,1.656027526828101e-14
5.0,-85.0,9.1066027409941e-15
5.0,-80.0,6.662938701403613e-15
5.0,-75.0,5.370889500777602e-15
5.0,-70.0,6.296205641943009e-15
5.0,-65.0,9.715786366007075e-15
5.0,-60.0,9.857701526341682e-15
5.0,-55.0,1.468997086485888e-14
5.0,-50.0,4.207590025321936e-14
5.0,-45.0,1.929015576570694e-13
5.0,-40.0,2.626715042911333e-13
5.0,-35.0,2.475309149392988e-13
5.0,-30.0,1.2470644902049999e-12
5.0,-25.0,1.9403730441246232e-12
5.0,-20.0,1.2088636208778537e-11
5.0,-15.0,1.1608590242755521e-11
5.0,-10.0,2.674748768681798e-12
5.0,-5.0,1.933396258761128e-10
5.0,0.0,4.933202444149755e-10
5.0,5.0,8.06214928675462e-11
5.0,10.0,6.43115529344402e-11
5.0,15.0,4.676463523401999e-11
5.0,20.0,5.341382848960994e-12
5.0,25.0,1.0263248201220604e-12
5.0,30.0,3.194151696898351e-13
5.0,35.0,2.755586994960069e-13
5.0,40.0,2.8556499596532817e-13
5.0,45.0,2.6657353196717767e-13
5.0,50.0,2.869931922942835e-13
5.0,55.0,2.667996972689019e-13
5.0,60.0,1.7384373900014216e-13
5.0,65.0,1.6706300921882058e-13
5.0,70.0,1.333355015420984e-13
5.0,75.0,7.544882956138685e-14
5.0,80.0,7.847662885766997e-14
5.0,85.0,7.750993024769301e-14
5.0,90.0,7.731334004579847e-14
10.0,-90.0,1.656027526828101e-14
10.0,-85.0,8.963439657068264e-15
10.0,-80.0,6.9065088981597505e-15
10.0,-75.0,7.412886623401946e-15
10.0,-70.0,8.067174550021111e-15
10.0,-65.0,1.5415516489225824e-14
10.0,-60.0,1.745752529556951e-14
10.0,-55.0,3.2677336879981874e-14
10.0,-50.0,3.9134041866575806e-14
10.0,-45.0,5.1250755697927115e-14
10.0,-40.0,4.4188062245242986e-13
10.0,-35.0,6.55395147805025e-13
10.0,-30.0,3.3918187839399117e-13
10.0,-25.0,9.012833519632419e-13
10.0,-20.0,2.123131049646825e-12
10.0,-15.0,1.2948141773594047e-11
10.0,-10.0,2.464094828416863e-12
10.0,-5.0,1.0074468235221078e-10
10.0,0.0,1.7422806033318579e-10
10.0,5.0,1.2408083357958683e-10
10.0,10.0,4.82528545109341e-11
10.0,15.0,4.607533857290718e-11
10.0,20.0,9.400536663315035e-13
10.0,25.0,8.262317516271005e-13
10.0,30.0,4.5234553219639325e-13
10.0,35.0,4.3497108254757974e-13
10.0,40.0,3.238420330364065e-13
10.0,45.0,2.938163010888516e-13
10.0,50.0,2.91947478263769e-13
10.0,55.0,1.9958197785913565e-13
10.0,60.0,2.9722367908054363e-13
10.0,65.0,1.717504976243863e-13
10.0,70.0,1.4216046991508598e-13
10.0,75.0,1.0122487282337494e-13
10.0,80.0,7.706947746427253e-14
10.0,85.0,7.691850387509525e-14
10.0,90.0,7.731334004579847e-14
15.0,-90.0,1.656027526828101e-14
15.0,-85.0,8.497448759314157e-15
15.0,-80.0,7.625010230210298e-15
15.0,-75.0,7.365650500488673e-15
15.0,-70.0,1.119940021750823e-14
15.0,-65.0,2.2608530538610043e-14
15.0,-60.0,6.464911258284938e-14
15.0,-55.0,7.253950972397261e-14
15.0,-50.0,5.180846245219566e-14
15.0,-45.0,3.027257967353244e-14
15.0,-40.0,4.937484419853038e-13
15.0,-35.0,1.20717534578142e-13
15.0,-30.0,3.1359416655444567e-13
15.0,-25.0,8.484874796758861e-13
15.0,-20.0,2.1577597605878437e-12
15.0,-15.0,2.7911876695919317e-12
15.0,-10.0,1.4037436901775898e-12
15.0,-5.0,2.9585026443341213e-12
15.0,0.0,4.380618041075124e-10
15.0,5.0,4.3902191466218803e-11
15.0,10.0,4.440576807685071e-12
15.0,15.0,3.7274393723199556e-12
15.0,20.0,9.025697809973699e-13
15.0,25.0,7.300219786657788e-13
15.0,30.0,4.951218505907132e-13
15.0,35.0,5.499065040971909e-13
15.0,40.0,4.587652436635727e-13
15.0,45.0,3.2084604703879674e-13
15.0,50.0,4.372471007157675e-13
15.0,55.0,3.022103681921905e-13
15.0,60.0,2.914806549838423e-13
15.0,65.0,1.520946011145341e-13
15.0,70.0,1.4311057303132676e-13
15.0,75.0,1.153078285151241e-13
15.0,80.0,8.277717684294856e-14
15.0,85.0,7.909758311025828e-14
15.0,90.0,7.731334004579847e-14
20.0,-90.0,1.656027526828101e-14
20.0,-85.0,8.852835610619572e-15
20.0,-80.0,7.53875141564747e-15
20.0,-75.0,8.407522554693566e-15
20.0,-70.0,1.486630565547042e-14
20.0,-65.0,4.1618546984096185e-14
20.0,-60.0,8.203551416253984e-14
20.0,-55.0,8.353893146175257e-14
20.0,-50.0,4.805332132846223e-14
20.0,-45.0,1.7955094346265944e-14
20.0,-40.0,1.2331344166205998e-14
20.0,-35.0,3.9068775286994833e-14
20.0,-30.0,3.4849139467340287e-13
20.0,-25.0,7.578970084258672e-13
20.0,-20.0,8.728968897977251e-13
20.0,-15.0,1.922815847623704e-12
20.0,-10.0,3.3617898351016026e-12
20.0,-5.0,2.5294426117509347e-12
20.0,0.0,3.006950965925257e-11
20.0,5.0,1.4744579815178783e-12
20.0,10.0,8.933892530945019e-13
20.0,15.0,6.322154538196064e-13
20.0,20.0,7.453882096180612e-13
20.0,25.0,9.041709394210951e-13
20.0,30.0,5.476688839191885e-13
20.0,35.0,7.52967398364211e-13
20.0,40.0,5.202277995877246e-13
20.0,45.0,5.24479059369167e-13
20.0,50.0,4.4327367992083333e-13
20.0,55.0,3.0121684234118096e-13
20.0,60.0,2.9271767567713357e-13
20.0,65.0,1.5101412551577035e-13
20.0,70.0,1.2497993879098382e-13
20.0,75.0,1.1651598248008752e-13
20.0,80.0,7.961599073003447e-14
20.0,85.0,7.760295058296754e-14
20.0,90.0,7.731334004579847e-14
25.0,-90.0,1.656027526828101e-14
25.0,-85.0,8.40748289001014e-15
25.0,-80.0,7.41866755476721e-15
25.0,-75.0,8.476248528645997e-15
25.0,-70.0,1.856336750154631e-14
25.0,-65.0,7.783946537062301e-14
25.0,-60.0,1.084665278951284e-13
25.0,-55.0,8.984836484553231e-14
25.0,-50.0,4.245456234722845e-14
25.0,-45.0,1.4827351130522952e-14
25.0,-40.0,7.596413698611759e-15
25.0,-35.0,3.7257081129445465e-13
25.0,-30.0,3.114833683712139e-13
25.0,-25.0,3.90360100942989e-13
25.0,-20.0,2.799934798854692e-13
25.0,-15.0,1.1499193780350752e-12
25.0,-10.0,2.0309410005477713e-12
25.0,-5.0,1.406182237758261e-12
25.0,0.0,6.081918241644409e-07
25.0,5.0,1.2390990249908403e-12
25.0,10.0,4.652371551253749e-13
25.0,15.0,4.3378983108736603e-13
25.0,20.0,8.016318537906529e-13
25.0,25.0,7.056737132458961e-13
25.0,30.0,5.891113397201063e-13
25.0,35.0,6.041396206459176e-13
25.0,40.0,5.157292394360803e-13
25.0,45.0,4.2866802142230415e-13
25.0,50.0,4.114454818502909e-13
25.0,55.0,2.963599638756271e-13
25.0,60.0,2.482364120193917e-13
25.0,65.0,1.4628157256779987e-13
25.0,70.0,1.231475782848428e-13
25.0,75.0,1.143648444273263e-13
25.0,80.0,7.993416981859528e-14
25.0,85.0,7.834098119528908e-14
25.0,90.0,7.731334004579847e-14
30.0,-90.0,1.656027526828101e-14
30.0,-85.0,8.62601959498725e-15
30.0,-80.0,7.123057772814082e-15
30.0,-75.0,1.2359072438616308e-14
30.0,-70.0,2.9296617992807907e-14
30.0,-65.0,8.462084074753587e-14
30.0,-60.0,1.0917970900383892e-13
30.0,-55.0,4.90498708702132e-14
30.0,-50.0,1.787551723870168e-14
30.0,-45.0,1.066596346099097e-14
30.0,-40.0,9.094542646867466e-15
30.0,-35.0,2.904412767166356e-13
30.0,-30.0,1.559428456754734e-13
30.0,-25.0,2.7825581768178295e-13
30.0,-20.0,3.185942044599938e-13
30.0,-15.0,1.6127132037073498e-13
30.0,-10.0,5.32549868419829e-13
30.0,-5.0,1.1000302977179249e-12
30.0,0.0,2.2172366615957783e-11
30.0,5.0,2.8972871248283684e-13
30.0,10.0,3.4795001881837544e-13
30.0,15.0,2.908106420526594e-13
30.0,20.0,3.2277122140604695e-13
30.0,25.0,4.823785607468992e-13
30.0,30.0,5.300875581893087e-13
30.0,35.0,6.758600523308022e-13
30.0,40.0,5.780118791993783e-13
30.0,45.0,4.069807408463881e-13
30.0,50.0,3.0193349270429846e-13
30.0,55.0,2.5346268742261933e-13
30.0,60.0,2.2712234222256736e-13
30.0,65.0,1.3390175604006671e-13
30.0,70.0,1.2527544318875542e-13
30.0,75.0,1.1498624605097324e-13
30.0,80.0,8.19839232600789e-14
30.0,85.0,7.856194113604426e-14
30.0,90.0,7.731334004579847e-14
35.0,-90.0,1.656027526828101e-14
35.0,-85.0,8.609616385722486e-15
35.0,-80.0,7.91210348172658e-15
35.0,-75.0,1.2544218873324303e-14
35.0,-70.0,2.9068897548897886e-14
35.0,-65.0,7.74535780542255e-14
35.0,-60.0,7.422602533098123e-14
35.0,-55.0,4.148823355080611e-14
35.0,-50.0,1.2301400392919037e-14
35.0,-45.0,8.791492803526196e-15
35.0,-40.0,1.4375939652745613e-14
35.0,-35.0,2.7603107978477743e-13
35.0,-30.0,1.0407080013149657e-12
35.0,-25.0,3.8212875251846926e-13
35.0,-20.0,2.1190057145538776e-13
35.0,-15.0,1.2419763982648126e-13
35.0,-10.0,2.8163622407487845e-13
35.0,-5.0,8.407183293451951e-13
35.0,0.0,1.5529307604583563e-13
35.0,5.0,7.935583225555602e-14
35.0,10.0,2.8035001272564605e-13
35.0,15.0,7.112340856826033e-13
35.0,20.0,2.934398516814721e-13
35.0,25.0,3.081274120174836e-13
35.0,30.0,2.465143960713425e-13
35.0,35.0,3.860993850031955e-13
35.0,40.0,3.0399785572668214e-13
35.0,45.0,3.0065164838070835e-13
35.0,50.0,2.724429131694798e-13
35.0,55.0,2.2499702838612717e-13
35.0,60.0,2.316442256034479e-13
35.0,65.0,8.030124895834585e-14
35.0,70.0,1.19677177165505e-13
35.0,75.0,1.1277157993030977e-13
35.0,80.0,7.817611479913347e-14
35.0,85.0,7.740126536590923e-14
35.0,90.0,7.731334004579847e-14
40.0,-90.0,1.656027526828101e-14
40.0,-85.0,8.4201975593859e-15
40.0,-80.0,7.353127053828543e-15
40.0,-75.0,1.0007126037851966e-14
40.0,-70.0,2.3970759041548424e-14
40.0,-65.0,6.309306131574111e-14
40.0,-60.0,7.483247679422077e-14
40.0,-55.0,1.922548835400814e-14
40.0,-50.0,1.383939143145657e-14
40.0,-45.0,1.2463857539183304e-14
40.0,-40.0,1.9415850503800678e-14
40.0,-35.0,2.3131469083515066e-13
40.0,-30.0,2.3410089084526495e-13
40.0,-25.0,2.6445405203559664e-13
40.0,-20.0,1.3773818557443043e-13
40.0,-15.0,2.0122940124993773e-13
40.0,-10.0,1.8400722198596655e-13
40.0,-5.0,6.56242859322427e-13
40.0,0.0,1.3503205211210607e-07
40.0,5.0,3.5821923558382806e-13
40.0,10.0,1.247318908121872e-12
40.0,15.0,4.232930291882139e-13
40.0,20.0,3.412403746994675e-13
40.0,25.0,3.252729345453688e-13
40.0,30.0,3.708469394696161e-13
40.0,35.0,3.8909282085461983e-13
40.0,40.0,2.959521289553957e-13
40.0,45.0,2.7124414533440633e-13
40.0,50.0,2.492150237120719e-13
40.0,55.0,1.896680546647291e-13
40.0,60.0,1.81782171762475e-13
40.0,65.0,8.259816102428021e-14
40.0,70.0,1.159186466972575e-13
40.0,75.0,8.098158619486903e-14
40.0,80.0,7.91499873741167e-14
40.0,85.0,8.27618486578015e-14
40.0,90.0,7.731334004579847e-14
45.0,-90.0,1.656027526828101e-14
45.0,-85.0,8.171734857719275e-15
45.0,-80.0,7.495652453067353e-15
45.0,-75.0,1.600769623994067e-14
45.0,-70.0,2.5694861923466246e-14
45.0,-65.0,4.7007676595305774e-14
45.0,-60.0,4.731958905562003e-14
45.0,-55.0,1.801234617735906e-14
45.0,-50.0,1.6494618201477457e-14
45.0,-45.0,1.3762388054002935e-14
45.0,-40.0,1.7000984745825592e-14
45.0,-35.0,1.554412894468919e-13
45.0,-30.0,7.548423738393922e-14
45.0,-25.0,8.872696456692012e-14
45.0,-20.0,3.5246395684629143e-14
45.0,-15.0,7.948301052509956e-14
45.0,-10.0,1.896957959567378e-13
45.0,-5.0,5.435432884910961e-14
45.0,0.0,2.7344020568381746e-12
45.0,5.0,3.274572468483384e-14
45.0,10.0,8.229578498736023e-14
45.0,15.0,3.687235007486625e-13
45.0,20.0,3.403316355338332e-13
45.0,25.0,2.2646330970503885e-13
45.0,30.0,3.0628022928291434e-13
45.0,35.0,2.2110728454177797e-13
45.0,40.0,2.3740283059369095e-13
45.0,45.0,2.679615146796058e-13
45.0,50.0,1.8837765346415683e-13
45.0,55.0,1.6320291530660662e-13
45.0,60.0,6.524843272453571e-14
45.0,65.0,8.404701685814868e-14
45.0,70.0,9.74472646104711e-14
45.0,75.0,7.977552620766178e-14
45.0,80.0,8.521687637666432e-14
45.0,85.0,8.267256295678812e-14
45.0,90.0,7.731334004579847e-14
50.0,-90.0,1.656027526828101e-14
50.0,-85.0,8.481219105007443e-15
50.0,-80.0,7.720126919494473e-15
50.0,-75.0,1.6387665173775822e-14
50.0,-70.0,1.891447283754401e-14
50.0,-65.0,2.531174651148823e-14
50.0,-60.0,4.452410091190631e-14
50.0,-55.0,2.1179516104334014e-14
50.0,-50.0,1.1766440979660798e-14
50.0,-45.0,9.344064473207112e-15
50.0,-40.0,1.6579495987464142e-14
50.0,-35.0,1.3390398770999735e-14
50.0,-30.0,4.361105234188008e-13
50.0,-25.0,8.445995849440813e-14
50.0,-20.0,3.348370126400681e-14
50.0,-15.0,6.797162161765988e-14
50.0,-10.0,1.0829543965941373e-13
50.0,-5.0,3.8769766469792513e-13
50.0,0.0,1.4202635778037096e-16
50.0,5.0,1.16447352078725e-14
50.0,10.0,3.513792594008297e-13
50.0,15.0,3.027851572811108e-13
50.0,20.0,3.0820525047837524e-13
50.0,25.0,2.0451754942674596e-13
50.0,30.0,1.4552059296099224e-13
50.0,35.0,2.2283375281751976e-13
50.0,40.0,1.6034589559251767e-13
50.0,45.0,2.072121959684132e-13
50.0,50.0,1.7972493445585954e-13
50.0,55.0,6.108737163606026e-14
50.0,60.0,6.463083664103254e-14
50.0,65.0,6.95853077647205e-14
50.0,70.0,9.340842278013028e-14
50.0,75.0,8.025247924882127e-14
50.0,80.0,8.444343981030183e-14
50.0,85.0,8.105897667469505e-14
50.0,90.0,7.731334004579847e-14
55.0,-90.0,1.656027526828101e-14
55.0,-85.0,8.570980357397105e-15
55.0,-80.0,7.815896575633196e-15
55.0,-75.0,1.7154855243889508e-14
55.0,-70.0,1.7588004541267283e-14
55.0,-65.0,1.752261160356768e-14
55.0,-60.0,3.6128484894308846e-14
55.0,-55.0,1.3043882874421096e-14
55.0,-50.0,1.0188160469547453e-14
55.0,-45.0,9.61054537936738e-15
55.0,-40.0,1.2378765056305441e-14
55.0,-35.0,1.3788891149183336e-14
55.0,-30.0,1.3062682295342885e-14
55.0,-25.0,6.407521883740524e-14
55.0,-20.0,4.594121495967801e-14
55.0,-15.0,1.2598189486243574e-13
55.0,-10.0,6.755840719288733e-14
55.0,-5.0,1.2693484616874888e-13
55.0,0.0,1.1061834448052435e-13
55.0,5.0,2.4382374003915383e-14
55.0,10.0,3.814392104794388e-14
55.0,15.0,3.0281581161855064e-14
55.0,20.0,2.4387855067282705e-13
55.0,25.0,6.981044361495482e-14
55.0,30.0,5.204736579535064e-14
55.0,35.0,7.51323651994261e-14
55.0,40.0,6.106862066530264e-14
55.0,45.0,1.0400945706965914e-13
55.0,50.0,7.097352311246842e-14
55.0,55.0,6.16765489882146e-14
55.0,60.0,6.292122973283357e-14
55.0,65.0,6.5224578725779e-14
55.0,70.0,7.584191814649498e-14
55.0,75.0,7.820475362657171e-14
55.0,80.0,8.189387723151309e-14
55.0,85.0,8.040655129016147e-14
55.0,90.0,7.731334004579847e-14
60.0,-90.0,1.656027526828101e-14
60.0,-85.0,8.591181154168448e-15
60.0,-80.0,7.879461972016165e-15
60.0,-75.0,1.5714645686335465e-14
60.0,-70.0,1.5365820652003926e-14
60.0,-65.0,1.5194301846054234e-14
60.0,-60.0,2.2485841905966437e-14
60.0,-55.0,1.2124388744477513e-14
60.0,-50.0,8.64836764767207e-15
60.0,-45.0,1.2191069347090542e-14
60.0,-40.0,1.590125104304182e-14
60.0,-35.0,1.729349904963633e-14
60.0,-30.0,1.6183200318054304e-14
60.0,-25.0,1.758523626755251e-14
60.0,-20.0,2.1559755583257782e-14
60.0,-15.0,1.279675087646219e-13
60.0,-10.0,2.455960773756277e-14
60.0,-5.0,3.262057922502423e-14
60.0,0.0,2.9154252443949455e-19
60.0,5.0,3.28865809539759e-14
60.0,10.0,3.0985206057331654e-14
60.0,15.0,2.4247348389098995e-14
60.0,20.0,2.8353796073940887e-14
60.0,25.0,3.6305851950223427e-14
60.0,30.0,3.145485029026834e-14
60.0,35.0,2.48777132841716e-14
60.0,40.0,3.6467492238173476e-14
60.0,45.0,4.60551526732077e-14
60.0,50.0,4.6510463455807435e-14
60.0,55.0,4.9225203011526704e-14
60.0,60.0,4.670742390762709e-14
60.0,65.0,4.49400922673692e-14
60.0,70.0,5.2343978181450173e-14
60.0,75.0,6.086053262710226e-14
60.0,80.0,8.149907403997452e-14
60.0,85.0,8.246072633017846e-14
60.0,90.0,7.731334004579847e-14
65.0,-90.0,1.656027526828101e-14
65.0,-85.0,8.89491039768723e-15
65.0,-80.0,1.0720690252848852e-14
65.0,-75.0,1.0396857373318277e-14
65.0,-70.0,1.509618889629363e-14
65.0,-65.0,1.2955180085656195e-14
65.0,-60.0,1.2221469120281243e-14
65.0,-55.0,8.734453964703322e-15
65.0,-50.0,1.0612737928350737e-14
65.0,-45.0,1.5692513533889164e-14
65.0,-40.0,2.1377444125211542e-14
65.0,-35.0,2.158968570774363e-14
65.0,-30.0,1.8658745706066938e-14
65.0,-25.0,2.021235572439794e-14
65.0,-20.0,2.5507188111110306e-14
65.0,-15.0,2.627791668071851e-14
65.0,-10.0,2.152073990453695e-14
65.0,-5.0,6.37183364565045e-15
65.0,0.0,6.42066998223347e-19
65.0,5.0,3.5715680033406164e-14
65.0,10.0,2.752073938432134e-14
65.0,15.0,1.912769375808125e-14
65.0,20.0,2.0218371041566243e-14
65.0,25.0,2.3720016499783747e-14
65.0,30.0,2.429323997055165e-14
65.0,35.0,1.9380057445026197e-14
65.0,40.0,4.137003118315855e-14
65.0,45.0,2.9155881994183686e-14
65.0,50.0,3.1696499477728894e-14
65.0,55.0,3.796188187868214e-14
65.0,60.0,3.3142607194612265e-14
65.0,65.0,4.0765493980138764e-14
65.0,70.0,5.172324880940453e-14
65.0,75.0,5.153967479503274e-14
65.0,80.0,8.272156770224944e-14
65.0,85.0,8.179883801094749e-14
65.0,90.0,7.731334004579847e-14
70.0,-90.0,1.656027526828101e-14
70.0,-85.0,8.92097352071693e-15
70.0,-80.0,1.088179676953546e-14
70.0,-75.0,1.1008432939095087e-14
70.0,-70.0,1.3479537626898099e-14
70.0,-65.0,1.0653508533523454e-14
70.0,-60.0,9.049269946958314e-15
70.0,-55.0,8.959505696522645e-15
70.0,-50.0,1.6199379789919788e-14
70.0,-45.0,1.869589041802412e-14
70.0,-40.0,2.3851153870224607e-14
70.0,-35.0,2.6162934120356367e-14
70.0,-30.0,2.5168779466796977e-14
70.0,-25.0,2.6153352287355853e-14
70.0,-20.0,3.0366188368779037e-14
70.0,-15.0,3.279497160451563e-14
70.0,-10.0,2.7542916804801308e-14
70.0,-5.0,7.350433661539128e-15
70.0,0.0,1.585663823924424e-18
70.0,5.0,2.1146422577830033e-14
70.0,10.0,3.3551224371899557e-14
70.0,15.0,2.0024942844225615e-14
70.0,20.0,1.8351864567529337e-14
70.0,25.0,2.191931484108124e-14
70.0,30.0,1.9084593762367282e-14
70.0,35.0,2.045266484355775e-14
70.0,40.0,3.4855088528082836e-14
70.0,45.0,3.249018294428722e-14
70.0,50.0,2.4607012046808457e-14
70.0,55.0,2.5505077035717583e-14
70.0,60.0,3.056121966694186e-14
70.0,65.0,4.385797677740426e-14
70.0,70.0,3.6272416928120534e-14
70.0,75.0,5.0424569370503713e-14
70.0,80.0,8.111340238440706e-14
70.0,85.0,8.878577625566088e-14
70.0,90.0,7.731334004579847e-14
75.0,-90.0,1.656027526828101e-14
75.0,-85.0,8.884035346296041e-15
75.0,-80.0,7.270390981185291e-15
75.0,-75.0,8.796062257622717e-15
75.0,-70.0,1.0436323672565347e-14
75.0,-65.0,9.775917637669405e-15
75.0,-60.0,8.362551263104164e-15
75.0,-55.0,7.60433556119169e-15
75.0,-50.0,1.3286090380272617e-14
75.0,-45.0,1.9923966161768438e-14
75.0,-40.0,2.5288910565020342e-14
75.0,-35.0,2.710750432552739e-14
75.0,-30.0,2.687324229000031e-14
75.0,-25.0,3.2098361660403416e-14
75.0,-20.0,3.352300150372821e-14
75.0,-15.0,3.649086607382986e-14
75.0,-10.0,3.2627402958668544e-14
75.0,-5.0,1.2798883001282542e-14
75.0,0.0,1.964981561013957e-18
75.0,5.0,5.823976369398218e-14
75.0,10.0,3.585701375213484e-14
75.0,15.0,2.0274792670965987e-14
75.0,20.0,2.3814542139089766e-14
75.0,25.0,2.3919888611172806e-14
75.0,30.0,2.08489856925179e-14
75.0,35.0,2.5566466967609504e-14
75.0,40.0,2.7871519736882463e-14
75.0,45.0,3.395601929832759e-14
75.0,50.0,2.605283019816488e-14
75.0,55.0,2.287670923565241e-14
75.0,60.0,2.84610341711796e-14
75.0,65.0,4.892891186247424e-14
75.0,70.0,3.5843964479871215e-14
75.0,75.0,5.103652955432148e-14
75.0,80.0,8.573967422318663e-14
75.0,85.0,9.112044812719333e-14
75.0,90.0,7.731334004579847e-14
80.0,-90.0,1.656027526828101e-14
80.0,-85.0,9.154544570615027e-15
80.0,-80.0,7.386362351279648e-15
80.0,-75.0,8.786291320622539e-15
80.0,-70.0,1.0281869601074765e-14
80.0,-65.0,9.914634055940792e-15
80.0,-60.0,7.842730641713419e-15
80.0,-55.0,8.096792402566878e-15
80.0,-50.0,1.4226117920966435e-14
80.0,-45.0,2.132925426068905e-14
80.0,-40.0,2.2486442682740317e-14
80.0,-35.0,2.3686838815126533e-14
80.0,-30.0,2.854494968724241e-14
80.0,-25.0,3.407542446000226e-14
80.0,-20.0,3.666298324447439e-14
80.0,-15.0,3.7546472647250855e-14
80.0,-10.0,3.72508760375495e-14
80.0,-5.0,1.7910270683455177e-14
80.0,0.0,2.1956521088191777e-18
80.0,5.0,5.2095123830452916e-14
80.0,10.0,4.3867048316364135e-14
80.0,15.0,2.496376723214603e-14
80.0,20.0,2.4807798505207917e-14
80.0,25.0,2.646234627613977e-14
80.0,30.0,2.5653089733223075e-14
80.0,35.0,2.929160766887173e-14
80.0,40.0,2.848364386918263e-14
80.0,45.0,3.495520533397127e-14
80.0,50.0,2.6503784022782165e-14
80.0,55.0,2.3338044012996146e-14
80.0,60.0,3.313078053668639e-14
80.0,65.0,3.8254785562296006e-14
80.0,70.0,3.691589377482827e-14
80.0,75.0,5.33697645090379e-14
80.0,80.0,7.576319555409099e-14
80.0,85.0,9.265225545607789e-14
80.0,90.0,7.731334004579847e-14
85.0,-90.0,1.656027526828101e-14
85.0,-85.0,9.304757712261103e-15
85.0,-80.0,7.81140585625359e-15
85.0,-75.0,8.883525570319394e-15
85.0,-70.0,9.868328923950102e-15
85.0,-65.0,1.0547982759592773e-14
85.0,-60.0,7.586027170276921e-15
85.0,-55.0,8.428272898939344e-15
85.0,-50.0,1.429219912843317e-14
85.0,-45.0,1.864382319098698e-14
85.0,-40.0,1.9771137114485683e-14
85.0,-35.0,2.3872373274737397e-14
85.0,-30.0,3.171252498338443e-14
85.0,-25.0,3.8790455714609295e-14
85.0,-20.0,3.583673789208194e-14
85.0,-15.0,3.795198442645041e-14
85.0,-10.0,4.2835143337994435e-14
85.0,-5.0,1.0672772730671476e-14
85.0,0.0,9.868903818012858e-18
85.0,5.0,2.1190623087645814e-14
85.0,10.0,3.960786369701323e-14
85.0,15.0,2.8654105945683653e-14
85.0,20.0,2.937030426253427e-14
85.0,25.0,2.6935977739193653e-14
85.0,30.0,2.6132200658304416e-14
85.0,35.0,2.641372640553228e-14
85.0,40.0,2.874922413476455e-14
85.0,45.0,3.1132708962190636e-14
85.0,50.0,2.7288532666197208e-14
85.0,55.0,2.8506797447839806e-14
85.0,60.0,3.882190951800545e-14
85.0,65.0,5.420945917149379e-14
85.0,70.0,3.751135697064701e-14
85.0,75.0,6.085818502523572e-14
85.0,80.0,7.500792226006763e-14
85.0,85.0,9.161400565351434e-14
85.0,90.0,7.731334004579847e-14
90.0,-90.0,1.656027526828101e-14
90.0,-85.0,1.0067735315029301e-14
90.0,-80.0,8.448195005949346e-15
90.0,-75.0,9.17608333386973e-15
90.0,-70.0,1.2570942680238062e-14
90.0,-65.0,1.0892825599798679e-14
90.0,-60.0,7.244122932961149e-15
90.0,-55.0,8.101310047315062e-15
90.0,-50.0,1.3117575799151436e-14
90.0,-45.0,1.6157279666414794e-14
90.0,-40.0,1.9560709356323488e-14
90.0,-35.0,2.88104681193803e-14
90.0,-30.0,4.097732034678843e-14
90.0,-25.0,4.3295441276379516e-14
90.0,-20.0,3.1067878323042325e-14
90.0,-15.0,2.030417493340762e-14
90.0,-10.0,1.6781466393085413e-14
90.0,-5.0,2.751458096086119e-15
90.0,0.0,5.455499268807909e-15
90.0,5.0,2.4869135853956e-14
90.0,10.0,4.359149366659271e-14
90.0,15.0,2.635097077594707e-14
90.0,20.0,2.790123043306676e-14
90.0,25.0,2.607568447042097e-14
90.0,30.0,2.4638883534379715e-14
90.0,35.0,2.0690167088613922e-14
90.0,40.0,1.975139744078298e-14
90.0,45.0,2.5752847481577667e-14
90.0,50.0,2.892836923777869e-14
90.0,55.0,3.1296903035821264e-14
90.0,60.0,4.690062403059866e-14
90.0,65.0,6.892934170783413e-14
90.0,70.0,3.5899559507538655e-14
90.0,75.0,5.69187892985822e-14
90.0,80.0,7.370074785857036e-14
90.0,85.0,8.082721734933169e-14
90.0,90.0,7.731334004579847e-14
95.0,-90.0,1.656027526828101e-14
95.0,-85.0,9.879044316753526e-15
95.0,-80.0,8.22061265860465e-15
95.0,-75.0,8.836038026202971e-15
95.0,-70.0,1.0135139588013506e-14
95.0,-65.0,1.126406954093836e-14
95.0,-60.0,8.125482928701926e-15
95.0,-55.0,9.274276275589535e-15
95.0,-50.0,1.4119269976161538e-14
95.0,-45.0,1.8042852061583656e-14
95.0,-40.0,2.3390554762126273e-14
95.0,-35.0,3.558846935577318e-14
95.0,-30.0,5.4064648483868746e-14
95.0,-25.0,5.3231845660318924e-14
95.0,-20.0,3.29254087060176e-14
95.0,-15.0,7.584776515738162e-15
95.0,-10.0,2.2128380369799113e-15
95.0,-5.0,3.2601584441359835e-16
95.0,0.0,1.7308742862195803e-16
95.0,5.0,2.8057090487593637e-14
95.0,10.0,3.979351772022904e-14
95.0,15.0,2.6889679243184203e-14
95.0,20.0,2.577508096408698e-14
95.0,25.0,2.3925599185197854e-14
95.0,30.0,2.007123205941527e-14
95.0,35.0,1.5215169285520785e-14
95.0,40.0,1.53543807504385e-14
95.0,45.0,1.7432713767101362e-14
95.0,50.0,2.4871407349860886e-14
95.0,55.0,3.3693958920232045e-14
95.0,60.0,4.491649637871282e-14
95.0,65.0,6.689153499936872e-14
95.0,70.0,4.544834073836354e-14
95.0,75.0,6.023725173391852e-14
95.0,80.0,6.790265947137595e-14
95.0,85.0,8.083620358518221e-14
95.0,90.0,7.731334004579847e-14
100.0,-90.0,1.656027526828101e-14
100.0,-85.0,1.0926386493398906e-14
100.0,-80.0,8.598825236501073e-15
100.0,-75.0,9.30874765267714e-15
100.0,-70.0,1.0805505267278182e-14
100.0,-65.0,1.2024575800158501e-14
100.0,-60.0,8.921640430024252e-15
100.0,-55.0,1.1242276105095082e-14
100.0,-50.0,1.5558694403500526e-14
100.0,-45.0,2.0989361591375663e-14
100.0,-40.0,2.457805320763877e-14
100.0,-35.0,3.933722840087194e-14
100.0,-30.0,5.2217785369173334e-14
100.0,-25.0,6.39955209444922e-14
100.0,-20.0,4.99232584475549e-14
100.0,-15.0,2.944827740861979e-14
100.0,-10.0,1.1553325397714826e-14
100.0,-5.0,5.500458405975374e-17
100.0,0.0,2.7680812845035367e-18
100.0,5.0,3.260060472377335e-14
100.0,10.0,3.409943388452413e-14
100.0,15.0,2.188480048483099e-14
100.0,20.0,1.8319796062984406e-14
100.0,25.0,1.6963084278643268e-14
100.0,30.0,1.5883603031659316e-14
100.0,35.0,1.0987985510303696e-14
100.0,40.0,1.0415707350501895e-14
100.0,45.0,1.2066710268660661e-14
100.0,50.0,2.0680155530835062e-14
100.0,55.0,2.7459197985827482e-14
100.0,60.0,4.500760837755664e-14
100.0,65.0,6.567689912649175e-14
100.0,70.0,4.9245249323496025e-14
100.0,75.0,7.039507488413469e-14
100.0,80.0,6.83555619841678e-14
100.0,85.0,8.003303764173998e-14
100.0,90.0,7.731334004579847e-14
105.0,-90.0,1.656027526828101e-14
105.0,-85.0,1.1104258426411273e-14
105.0,-80.0,9.33196193863127e-15
105.0,-75.0,1.0421883600732413e-14
105.0,-70.0,1.0883091882914976e-14
105.0,-65.0,1.4570196881561762e-14
105.0,-60.0,1.141833840748144e-14
105.0,-55.0,1.2959937776499013e-14
105.0,-50.0,1.921601396163534e-14
105.0,-45.0,2.254243335482703e-14
105.0,-40.0,3.0010730103963806e-14
105.0,-35.0,4.5181135562298735e-14
105.0,-30.0,6.652759148859783e-14
105.0,-25.0,7.743834953826649e-14
105.0,-20.0,7.501902089228311e-14
105.0,-15.0,4.945634511465496e-14
105.0,-10.0,7.876606270938986e-14
105.0,-5.0,3.1606308172251924e-16
105.0,0.0,2.5254705448605286e-18
105.0,5.0,3.6960914822656925e-14
105.0,10.0,4.0822208373595156e-14
105.0,15.0,3.0457590706699624e-14
105.0,20.0,2.223760398803636e-14
105.0,25.0,1.8175954114850733e-14
105.0,30.0,1.2089452763161759e-14
105.0,35.0,8.807760024342208e-15
105.0,40.0,7.71542825392554e-15
105.0,45.0,1.0126367946486091e-14
105.0,50.0,2.0921402617354836e-14
105.0,55.0,2.6268978596106295e-14
105.0,60.0,4.587918476961476e-14
105.0,65.0,7.131383712778785e-14
105.0,70.0,4.9710753149504616e-14
105.0,75.0,6.808932305692706e-14
105.0,80.0,6.434502296344924e-14
105.0,85.0,8.051462536854099e-14
105.0,90.0,7.731334004579847e-14
110.0,-90.0,1.656027526828101e-14
110.0,-85.0,1.1660163443724922e-14
110.0,-80.0,9.168513583995061e-15
110.0,-75.0,1.1650446750545213e-14
110.0,-70.0,1.2189468064398274e-14
110.0,-65.0,1.6008509021705526e-14
110.0,-60.0,1.4929015661006107e-14
110.0,-55.0,1.6992624526025502e-14
110.0,-50.0,2.3311124446358692e-14
110.0,-45.0,2.444782805622695e-14
110.0,-40.0,3.8302998605626025e-14
110.0,-35.0,5.1496212937824396e-14
110.0,-30.0,7.76614867540796e-14
110.0,-25.0,9.615537516995551e-14
110.0,-20.0,9.595870132047861e-14
110.0,-15.0,6.550770860373827e-14
110.0,-10.0,4.9854465982257585e-14
110.0,-5.0,8.671850040540765e-16
110.0,0.0,2.21600716814321e-18
110.0,5.0,2.132802294176253e-13
110.0,10.0,4.145825406480651e-14
110.0,15.0,3.574654223623541e-14
110.0,20.0,2.953486525355337e-14
110.0,25.0,2.4129004552753533e-14
110.0,30.0,1.7091088864589302e-14
110.0,35.0,1.2852461188843147e-14
110.0,40.0,1.0227243618782302e-14
110.0,45.0,1.4642131415721884e-14
110.0,50.0,2.0210684779470724e-14
110.0,55.0,2.3478224509246348e-14
110.0,60.0,5.248961966957053e-14
110.0,65.0,8.141558272174771e-14
110.0,70.0,5.674602644287958e-14
110.0,75.0,6.582465172438687e-14
110.0,80.0,5.878374163568356e-14
110.0,85.0,7.875784053578714e-14
110.0,90.0,7.731334004579847e-14
115.0,-90.0,1.656027526828101e-14
115.0,-85.0,1.2147386709784385e-14
115.0,-80.0,1.0367686805201238e-14
115.0,-75.0,1.1516119809389547e-14
115.0,-70.0,1.3552768175966054e-14
115.0,-65.0,1.7836760889828414e-14
115.0,-60.0,1.998635004704719e-14
115.0,-55.0,1.9440890075662105e-14
115.0,-50.0,2.5452718684111967e-14
115.0,-45.0,2.4835330202316527e-14
115.0,-40.0,3.66168968712369e-14
115.0,-35.0,5.2855094131898195e-14
115.0,-30.0,7.924857967515922e-14
115.0,-25.0,1.0157762882152509e-13
115.0,-20.0,9.942263575884402e-14
115.0,-15.0,4.93987929131836e-14
115.0,-10.0,4.525406777393693e-15
115.0,-5.0,8.457850489126158e-16
115.0,0.0,1.3486891359538275e-16
115.0,5.0,1.8412922790595467e-14
115.0,10.0,4.5722200903783167e-14
115.0,15.0,4.8691478112548714e-14
115.0,20.0,3.8211010094864964e-14
115.0,25.0,3.346292710549609e-14
115.0,30.0,2.4937423744936754e-14
115.0,35.0,2.106647226340153e-14
115.0,40.0,1.945663622582446e-14
115.0,45.0,2.4360722260214197e-14
115.0,50.0,2.276459739687648e-14
115.0,55.0,2.5944202683175527e-14
115.0,60.0,5.535971401002971e-14
115.0,65.0,8.716919757516764e-14
115.0,70.0,6.343520261943995e-14
115.0,75.0,6.168941840749844e-14
115.0,80.0,5.691659963642718e-14
115.0,85.0,7.784389669516473e-14
115.0,90.0,7.731334004579847e-14
120.0,-90.0,1.656027526828101e-14
120.0,-85.0,1.4628285744918112e-14
120.0,-80.0,1.1633873378879115e-14
120.0,-75.0,1.2826010642977093e-14
120.0,-70.0,1.3793649457641045e-14
120.0,-65.0,2.053667763479972e-14
120.0,-60.0,2.9168050954122205e-14
120.0,-55.0,2.619197208196255e-14
120.0,-50.0,2.7835945077103728e-14
120.0,-45.0,2.8025164895413974e-14
120.0,-40.0,3.851557146281553e-14
120.0,-35.0,5.259848032966525e-14
120.0,-30.0,7.80483310664752e-14
120.0,-25.0,8.77091223641329e-14
120.0,-20.0,9.091255531766899e-14
120.0,-15.0,5.401243616108064e-14
120.0,-10.0,2.877387826143887e-14
120.0,-5.0,1.2330375844415724e-16
120.0,0.0,1.2981064995843875e-16
120.0,5.0,8.166899737152737e-15
120.0,10.0,6.061238852450248e-14
120.0,15.0,5.343699871730202e-14
120.0,20.0,4.650365771503165e-14
120.0,25.0,4.0203639590071475e-14
120.0,30.0,2.7623128321373178e-14
120.0,35.0,2.76274055596234e-14
120.0,40.0,2.800507943761138e-14
120.0,45.0,3.1342119181548126e-14
120.0,50.0,2.7470971333090765e-14
120.0,55.0,2.9371928600155644e-14
120.0,60.0,7.191690047843332e-14
120.0,65.0,8.439164530958284e-14
120.0,70.0,7.77919544633338e-14
120.0,75.0,6.199553481921585e-14
120.0,80.0,5.925733579753255e-14
120.0,85.0,8.100024237699817e-14
120.0,90.0,7.731334004579847e-14
125.0,-90.0,1.656027526828101e-14
125.0,-85.0,1.637899910652562e-14
125.0,-80.0,1.3035648836198708e-14
125.0,-75.0,1.4672947627632307e-14
125.0,-70.0,1.5588563933166012e-14
125.0,-65.0,2.4360320635522074e-14
125.0,-60.0,3.3460986987144125e-14
125.0,-55.0,3.221930702893949e-14
125.0,-50.0,2.7797802439868585e-14
125.0,-45.0,3.036959038217308e-14
125.0,-40.0,4.286616738746948e-14
125.0,-35.0,6.049361681572593e-14
125.0,-30.0,7.652797120671861e-14
125.0,-25.0,8.984799437901189e-14
125.0,-20.0,7.77833504708715e-14
125.0,-15.0,7.248356748642941e-14
125.0,-10.0,4.349385040333575e-14
125.0,-5.0,2.9211680997313124e-15
125.0,0.0,1.2673779426439516e-16
125.0,5.0,3.6276618867279063e-14
125.0,10.0,8.940582384308375e-14
125.0,15.0,6.357586256055616e-14
125.0,20.0,4.921069509584387e-14
125.0,25.0,3.416873360627629e-14
125.0,30.0,2.5281236162414626e-14
125.0,35.0,2.5296325278163622e-14
125.0,40.0,2.9263388440070337e-14
125.0,45.0,3.282759812762851e-14
125.0,50.0,3.16441903566708e-14
125.0,55.0,3.484082224186666e-14
125.0,60.0,6.894256887761586e-14
125.0,65.0,7.27172630469102e-14
125.0,70.0,7.811966499422878e-14
125.0,75.0,6.848732351738118e-14
125.0,80.0,6.337093765864443e-14
125.0,85.0,8.182262421109782e-14
125.0,90.0,7.731334004579847e-14
130.0,-90.0,1.656027526828101e-14
130.0,-85.0,1.6696082669143068e-14
130.0,-80.0,1.3512777204231989e-14
130.0,-75.0,1.5478736769960938e-14
130.0,-70.0,1.984163046996332e-14
130.0,-65.0,2.775690731060254e-14
130.0,-60.0,3.5650987704127504e-14
130.0,-55.0,4.1398787540974413e-14
130.0,-50.0,3.114270227040549e-14
130.0,-45.0,3.6665261538316603e-14
130.0,-40.0,5.0479742010065214e-14
130.0,-35.0,6.963568372391967e-14
130.0,-30.0,8.443598927573895e-14
130.0,-25.0,8.610096255021039e-14
130.0,-20.0,7.379273946319124e-14
130.0,-15.0,6.362984238528425e-14
130.0,-10.0,4.7907037631622926e-14
130.0,-5.0,8.633044545236348e-16
130.0,0.0,1.7346056261461328e-17
130.0,5.0,4.012412041379009e-14
130.0,10.0,1.2702938513577856e-13
130.0,15.0,6.382559216063769e-14
130.0,20.0,4.378645298462244e-14
130.0,25.0,2.8771864928376875e-14
130.0,30.0,2.323339237227958e-14
130.0,35.0,2.4066363516334804e-14
130.0,40.0,2.672626143170624e-14
130.0,45.0,3.1682685965873997e-14
130.0,50.0,3.6493757501634444e-14
130.0,55.0,3.900831403953086e-14
130.0,60.0,6.080088851341468e-14
130.0,65.0,6.4191580525583e-14
130.0,70.0,6.648948494645604e-14
130.0,75.0,7.447942519750705e-14
130.0,80.0,6.481673024535381e-14
130.0,85.0,7.568006993407834e-14
130.0,90.0,7.731334004579847e-14
135.0,-90.0,1.656027526828101e-14
135.0,-85.0,1.725268316416796e-14
135.0,-80.0,1.4964528928262686e-14
135.0,-75.0,1.7473082762384042e-14
135.0,-70.0,2.4447063809535588e-14
135.0,-65.0,2.930594385361319e-14
135.0,-60.0,4.1030389133223804e-14
135.0,-55.0,4.615539760717099e-14
135.0,-50.0,3.6718531976225606e-14
135.0,-45.0,4.525591971580868e-14
135.0,-40.0,6.440522813027455e-14
135.0,-35.0,8.659128264594061e-14
135.0,-30.0,9.278830712343053e-14
135.0,-25.0,9.145414376910357e-14
135.0,-20.0,6.783590233919775e-14
135.0,-15.0,4.619004137806876e-14
135.0,-10.0,1.9919436111435532e-14
135.0,-5.0,1.8172286170908912e-15
135.0,0.0,2.069544489436279e-18
135.0,5.0,1.8759485721310563e-13
135.0,10.0,1.0823009335005321e-13
135.0,15.0,7.745841436072643e-14
135.0,20.0,5.42054934529753e-14
135.0,25.0,3.095882623264839e-14
135.0,30.0,2.6316209997986473e-14
135.0,35.0,3.0271843889033804e-14
135.0,40.0,3.028194927742445e-14
135.0,45.0,3.3298129124515765e-14
135.0,50.0,4.6168227042303737e-14
135.0,55.0,4.984738886318465e-14
135.0,60.0,6.261840678866942e-14
135.0,65.0,5.688727650497845e-14
135.0,70.0,6.23036112630094e-14
135.0,75.0,7.391846229676642e-14
135.0,80.0,6.463591978027856e-14
135.0,85.0,7.447720820874446e-14
135.0,90.0,7.731334004579847e-14
140.0,-90.0,1.656027526828101e-14
140.0,-85.0,1.825519209717513e-14
140.0,-80.0,1.6895605183679034e-14
140.0,-75.0,1.9215229103661056e-14
140.0,-70.0,2.832881963729582e-14
140.0,-65.0,3.4109053468978596e-14
140.0,-60.0,4.467215701463615e-14
140.0,-55.0,5.107769244700844e-14
140.0,-50.0,4.790303452252307e-14
140.0,-45.0,6.546166599219963e-14
140.0,-40.0,8.414095051879263e-14
140.0,-35.0,1.0624992700815149e-13
140.0,-30.0,1.1029678889372077e-13
140.0,-25.0,1.0300878273972029e-13
140.0,-20.0,8.289444536115943e-14
140.0,-15.0,3.890519533285281e-14
140.0,-10.0,8.184344951300402e-15
140.0,-5.0,2.8317096798014154e-15
140.0,0.0,1.982993728409009e-18
140.0,5.0,1.3645111289552924e-14
140.0,10.0,9.571047569618093e-14
140.0,15.0,1.0222304378994864e-13
140.0,20.0,5.949646203742069e-14
140.0,25.0,4.2713923008537585e-14
140.0,30.0,2.882020610672114e-14
140.0,35.0,3.1072670447444454e-14
140.0,40.0,3.2676596439905425e-14
140.0,45.0,3.91485122136225e-14
140.0,50.0,4.8041599014244075e-14
140.0,55.0,5.935869365239097e-14
140.0,60.0,5.218002683349878e-14
140.0,65.0,5.168793717520814e-14
140.0,70.0,6.000511515903893e-14
140.0,75.0,6.853959314526371e-14
140.0,80.0,7.487619150715127e-14
140.0,85.0,7.260418525603027e-14
140.0,90.0,7.731334004579847e-14
145.0,-90.0,1.656027526828101e-14
145.0,-85.0,1.9032674968296867e-14
145.0,-80.0,1.8665983194112483e-14
145.0,-75.0,2.2845393370460025e-14
145.0,-70.0,2.906385208528967e-14
145.0,-65.0,4.320643685858867e-14
145.0,-60.0,5.4827157375791884e-14
145.0,-55.0,5.6048353835379406e-14
145.0,-50.0,5.979489753953182e-14
145.0,-45.0,8.511110282535367e-14
145.0,-40.0,1.05304186343247e-13
145.0,-35.0,1.3005636172834136e-13
145.0,-30.0,1.2366030870163502e-13
145.0,-25.0,1.0889663588584034e-13
145.0,-20.0,1.0603102943685955e-13
145.0,-15.0,6.384085571113622e-14
145.0,-10.0,3.02367314058215e-14
145.0,-5.0,1.1140911489406791e-14
145.0,0.0,4.190172504833575e-19
145.0,5.0,7.287817114717035e-15
145.0,10.0,8.706254210732903e-14
145.0,15.0,1.0079076669387348e-13
145.0,20.0,8.285227201457474e-14
145.0,25.0,6.362512869891569e-14
145.0,30.0,4.136646533074266e-14
145.0,35.0,4.02604247399203e-14
145.0,40.0,4.507926774721267e-14
145.0,45.0,5.3116675441875896e-14
145.0,50.0,4.642258859230066e-14
145.0,55.0,4.929458145510793e-14
145.0,60.0,5.0054518742533066e-14
145.0,65.0,5.0873458118000526e-14
145.0,70.0,5.802705063967613e-14
145.0,75.0,6.597856600127136e-14
145.0,80.0,7.646098199226578e-14
145.0,85.0,7.094336204582863e-14
145.0,90.0,7.731334004579847e-14
150.0,-90.0,1.656027526828101e-14
150.0,-85.0,1.9861487046559168e-14
150.0,-80.0,2.137755074391431e-14
150.0,-75.0,2.6245349812853406e-14
150.0,-70.0,3.338923608409379e-14
150.0,-65.0,5.1333515906236294e-14
150.0,-60.0,7.079636207895226e-14
150.0,-55.0,6.87266516518742e-14
150.0,-50.0,7.584862171494122e-14
150.0,-45.0,1.024497343157909e-13
150.0,-40.0,1.3712093853951552e-13
150.0,-35.0,1.5113275338802317e-13
150.0,-30.0,1.3328480033784106e-13
150.0,-25.0,1.0961807784678067e-13
150.0,-20.0,1.0070373222745585e-13
150.0,-15.0,7.239306456056279e-14
150.0,-10.0,3.183400430498309e-14
150.0,-5.0,1.0326452060746762e-13
150.0,0.0,6.09892585402147e-15
150.0,5.0,1.3259338212911533e-14
150.0,10.0,9.486663615364576e-14
150.0,15.0,8.577473985280584e-14
150.0,20.0,7.8818211723128e-14
150.0,25.0,8.548877724145753e-14
150.0,30.0,5.475329853682845e-14
150.0,35.0,6.168220004917463e-14
150.0,40.0,6.9629101966854e-14
150.0,45.0,7.229248826568657e-14
150.0,50.0,5.6211929510872476e-14
150.0,55.0,5.4818336274209556e-14
150.0,60.0,4.878995732678396e-14
150.0,65.0,6.271096522939471e-14
150.0,70.0,5.902165617365826e-14
150.0,75.0,6.665678221206655e-14
150.0,80.0,7.094355875113574e-14
150.0,85.0,6.960752867142511e-14
150.0,90.0,7.731334004579847e-14
155.0,-90.0,1.656027526828101e-14
155.0,-85.0,2.0261589820740155e-14
155.0,-80.0,2.1904731166361715e-14
155.0,-75.0,2.5657004695860147e-14
155.0,-70.0,3.788945252970131e-14
155.0,-65.0,5.706031523522156e-14
155.0,-60.0,7.555842631007725e-14
155.0,-55.0,7.952413410002619e-14
155.0,-50.0,8.643802474243207e-14
155.0,-45.0,1.1840846374548227e-13
155.0,-40.0,1.498633405089277e-13
155.0,-35.0,1.5218335671701233e-13
155.0,-30.0,1.2762624356630132e-13
155.0,-25.0,1.0251219008251217e-13
155.0,-20.0,9.483617268939654e-14
155.0,-15.0,9.673391842674277e-14
155.0,-10.0,1.2694886844838153e-13
155.0,-5.0,2.9438715863935766e-14
155.0,0.0,1.5219487344381284e-14
155.0,5.0,3.774925419846427e-14
155.0,10.0,1.0510087181308534e-13
155.0,15.0,8.578350160052816e-14
155.0,20.0,7.675360168807406e-14
155.0,25.0,8.962202278402963e-14
155.0,30.0,6.918996212347068e-14
155.0,35.0,6.799774250507188e-14
155.0,40.0,7.167806100787298e-14
155.0,45.0,6.562231555108848e-14
155.0,50.0,5.4113061085083004e-14
155.0,55.0,5.646532052479635e-14
155.0,60.0,5.910936255656863e-14
155.0,65.0,6.094211595915208e-14
155.0,70.0,6.17898611573512e-14
155.0,75.0,6.958967409188556e-14
155.0,80.0,6.946087593180495e-14
155.0,85.0,6.999871401389931e-14
155.0,90.0,7.731334004579847e-14
160.0,-90.0,1.656027526828101e-14
160.0,-85.0,2.1903835061602833e-14
160.0,-80.0,2.310770620485624e-14
160.0,-75.0,2.9240550673196774e-14
160.0,-70.0,3.9609699227292674e-14
160.0,-65.0,5.896252782203541e-14
160.0,-60.0,8.3558558945458e-14
160.0,-55.0,8.917713900176514e-14
160.0,-50.0,1.054231178402349e-13
160.0,-45.0,1.2431227237215688e-13
160.0,-40.0,1.6562058187798974e-13
160.0,-35.0,1.5958554450895576e-13
160.0,-30.0,1.201537293353126e-13
160.0,-25.0,9.61965230414101e-14
160.0,-20.0,8.252535332043334e-14
160.0,-15.0,1.0907826376324612e-13
160.0,-10.0,1.2782555771057925e-13
160.0,-5.0,1.2926462826950716e-12
160.0,0.0,7.78124918692946e-16
160.0,5.0,6.105577760970148e-14
160.0,10.0,9.704009688001419e-14
160.0,15.0,1.0458493143706743e-13
160.0,20.0,9.812230662450612e-14
160.0,25.0,1.0936723677092238e-13
160.0,30.0,8.388497337909765e-14
160.0,35.0,7.838660534039799e-14
160.0,40.0,9.569281080996251e-14
160.0,45.0,6.570107726392926e-14
160.0,50.0,4.718413912238678e-14
160.0,55.0,5.936507458403909e-14
160.0,60.0,6.355214051305306e-14
160.0,65.0,6.352891407180499e-14
160.0,70.0,5.878260359647276e-14
160.0,75.0,6.560902733795172e-14
160.0,80.0,6.842580964942062e-14
160.0,85.0,6.992421179639589e-14
160.0,90.0,7.731334004579847e-14
165.0,-90.0,1.656027526828101e-14
165.0,-85.0,2.3643946821036308e-14
165.0,-80.0,2.3838482630691218e-14
165.0,-75.0,2.8313326984014944e-14
165.0,-70.0,3.976456799642959e-14
165.0,-65.0,4.5958708146233746e-14
165.0,-60.0,8.94328765213872e-14
165.0,-55.0,1.0053237486267199e-13
165.0,-50.0,1.1643540064868775e-13
165.0,-45.0,1.472781549025521e-13
165.0,-40.0,1.838373972408355e-13
165.0,-35.0,1.538367557075895e-13
165.0,-30.0,1.102915891297026e-13
165.0,-25.0,8.684104507304339e-14
165.0,-20.0,7.809964681571487e-14
165.0,-15.0,8.03856481527438e-14
165.0,-10.0,2.086538645775806e-13
165.0,-5.0,2.0102668930384954e-13
165.0,0.0,5.820038117928654e-17
165.0,5.0,6.350582331255773e-14
165.0,10.0,1.1585487456286707e-13
165.0,15.0,9.962657553104111e-14
165.0,20.0,9.333585235989234e-14
165.0,25.0,1.1353692966412932e-13
165.0,30.0,1.0847676073183797e-13
165.0,35.0,8.220036412680792e-14
165.0,40.0,8.632226859155888e-14
165.0,45.0,6.463547312141485e-14
165.0,50.0,6.65692909356323e-14
165.0,55.0,6.631906119065638e-14
165.0,60.0,7.909921537395888e-14
165.0,65.0,9.171605560303213e-14
165.0,70.0,6.269575783574273e-14
165.0,75.0,6.259764222836683e-14
165.0,80.0,6.805129509889163e-14
165.0,85.0,7.641568552278307e-14
165.0,90.0,7.731334004579847e-14
170.0,-90.0,1.656027526828101e-14
170.0,-85.0,2.398185881190019e-14
170.0,-80.0,2.4692909220734663e-14
170.0,-75.0,2.983331419091369e-14
170.0,-70.0,3.947014878398848e-14
170.0,-65.0,6.910102144653945e-14
170.0,-60.0,9.136450000333075e-14
170.0,-55.0,9.908710629877179e-14
170.0,-50.0,1.289973268641105e-13
170.0,-45.0,3.017225854836036e-14
170.0,-40.0,2.0573348070315704e-13
170.0,-35.0,1.4776316492928328e-13
170.0,-30.0,1.0522267439077392e-13
170.0,-25.0,8.342517372400536e-14
170.0,-20.0,7.412366577877098e-14
170.0,-15.0,6.973553479523112e-14
170.0,-10.0,2.0709091737868773e-13
170.0,-5.0,1.617619710801176e-12
170.0,0.0,5.956257885979196e-15
170.0,5.0,7.586373333741968e-14
170.0,10.0,1.4555906708205889e-13
170.0,15.0,1.1934562474985889e-13
170.0,20.0,8.468823805091392e-14
170.0,25.0,1.0583943999111699e-13
170.0,30.0,9.387238873505614e-14
170.0,35.0,7.989867936695694e-14
170.0,40.0,6.942845652843091e-14
170.0,45.0,6.941107561670333e-14
170.0,50.0,7.832675027822812e-14
170.0,55.0,7.517580140783337e-14
170.0,60.0,9.710087168364142e-14
170.0,65.0,9.31601102043718e-14
170.0,70.0,6.40352025507323e-14
170.0,75.0,6.335329620177565e-14
170.0,80.0,6.821948731331707e-14
170.0,85.0,7.549374911482538e-14
170.0,90.0,7.731334004579847e-14
175.0,-90.0,1.656027526828101e-14
175.0,-85.0,2.3902482027303545e-14
175.0,-80.0,2.588932496866407e-14
175.0,-75.0,2.9670812614710546e-14
175.0,-70.0,4.2575192542155115e-14
175.0,-65.0,6.54407751209877e-14
175.0,-60.0,8.316334642716365e-14
175.0,-55.0,1.0857747970819248e-13
175.0,-50.0,1.3490630802167203e-13
175.0,-45.0,1.889364285632807e-13
175.0,-40.0,2.0751638114382863e-13
175.0,-35.0,1.5198290032192054e-13
175.0,-30.0,1.0427181525738132e-13
175.0,-25.0,9.414779594125642e-14
175.0,-20.0,7.986027346301567e-14
175.0,-15.0,8.593739090169987e-14
175.0,-10.0,1.6588873849210845e-13
175.0,-5.0,9.510984969171129e-14
175.0,0.0,4.867651914897923e-16
175.0,5.0,5.867138979000699e-14
175.0,10.0,1.586053131202936e-13
175.0,15.0,1.0701568803472784e-13
175.0,20.0,1.0036369302826047e-13
175.0,25.0,1.230751945836735e-13
175.0,30.0,9.64324353091319e-14
175.0,35.0,7.394182528691013e-14
175.0,40.0,7.169844517947449e-14
175.0,45.0,9.07932757917039e-14
175.0,50.0,1.1694580074922532e-13
175.0,55.0,1.0712882396494693e-13
175.0,60.0,9.87160044511911e-14
175.0,65.0,9.681990648870395e-14
175.0,70.0,6.880553110334503e-14
175.0,75.0,6.317496695892379e-14
175.0,80.0,6.557275274601947e-14
175.0,85.0,7.575334535702614e-14
175.0,90.0,7.731334004579847e-14
180.0,-90.0,1.656027526828101e-14
180.0,-85.0,2.4545512712546943e-14
180.0,-80.0,2.6004165801424743e-14
180.0,-75.0,3.109772803013216e-14
180.0,-70.0,4.6221107699269575e-14
180.0,-65.0,6.820044896255493e-14
180.0,-60.0,8.056295305103524e-14
180.0,-55.0,1.0743330183642781e-13
180.0,-50.0,1.5970263400911192e-13
180.0,-45.0,2.312695096708011e-13
180.0,-40.0,2.1926260794309486e-13
180.0,-35.0,1.5105336955001514e-13
180.0,-30.0,1.2346787831828704e-13
180.0,-25.0,1.0873330982250599e-13
180.0,-20.0,8.671731203760456e-14
180.0,-15.0,9.474399356784156e-14
180.0,-10.0,1.4300862748396482e-13
180.0,-5.0,4.685808849054554e-13
180.0,0.0,2.425988231016534e-15
180.0,5.0,1.0860441909565252e-13
180.0,10.0,1.393513341990029e-13
180.0,15.0,8.47934761683649e-14
180.0,20.0,9.614695985719611e-14
180.0,25.0,1.2177477870212297e-13
180.0,30.0,1.0693749669357266e-13
180.0,35.0,9.587015190286035e-14
180.0,40.0,9.389299227134819e-14
180.0,45.0,1.7632504987814054e-13
180.0,50.0,1.2513395015472975e-13
180.0,55.0,1.133783396820928e-13
180.0,60.0,1.0037500875265593e-13
180.0,65.0,1.0287533427288095e-13
180.0,70.0,9.637693363657986e-14
180.0,75.0,6.363610261730849e-14
180.0,80.0,6.986359586449146e-14
180.0,85.0,7.543354476850131e-14
180.0,90.0,7.731334004579847e-14
185.0,-90.0,1.656027526828101e-14
185.0,-85.0,2.4811221435550775e-14
185.0,-80.0,2.507312685485823e-14
185.0,-75.0,3.0770523666851214e-14
185.0,-70.0,4.7398572356380754e-14
185.0,-65.0,6.324078051171905e-14
185.0,-60.0,8.179577525458061e-14
185.0,-55.0,1.0872137679817595e-13
185.0,-50.0,1.6940068515694453e-13
185.0,-45.0,2.4872948197350187e-13
185.0,-40.0,2.3207906938142494e-13
185.0,-35.0,1.608471629784146e-13
185.0,-30.0,1.3499064385746836e-13
185.0,-25.0,1.0500546268172778e-13
185.0,-20.0,9.23738938062169e-14
185.0,-15.0,9.59209855004909e-14
185.0,-10.0,1.2182569454291334e-13
185.0,-5.0,5.348262954830647e-13
185.0,0.0,8.741403169234232e-13
185.0,5.0,1.4383800198205516e-13
185.0,10.0,1.199641612247024e-13
185.0,15.0,8.56348589519496e-14
185.0,20.0,9.150128768126332e-14
185.0,25.0,9.884062129719568e-14
185.0,30.0,1.0322252013061383e-13
185.0,35.0,1.1001002788299915e-13
185.0,40.0,1.9583134308434155e-13
185.0,45.0,1.855901106733247e-13
185.0,50.0,1.237068334065977e-13
185.0,55.0,1.20619601672397e-13
185.0,60.0,1.1697979330096513e-13
185.0,65.0,1.157004718179499e-13
185.0,70.0,9.166893768435756e-14
185.0,75.0,6.57180449417493e-14
185.0,80.0,6.939422087120588e-14
185.0,85.0,7.540304919751963e-14
185.0,90.0,7.731334004579847e-14
190.0,-90.0,1.656027526828101e-14
190.0,-85.0,2.5143634505043667e-14
190.0,-80.0,2.5020123715745424e-14
190.0,-75.0,3.0371393856888707e-14
190.0,-70.0,4.6609566960072624e-14
190.0,-65.0,6.616906253057295e-14
190.0,-60.0,7.940793207713057e-14
190.0,-55.0,1.0028641073783048e-13
190.0,-50.0,1.7099085957518392e-13
190.0,-45.0,2.6879028093783653e-13
190.0,-40.0,2.4617651389778627e-13
190.0,-35.0,1.9256314215297613e-13
190.0,-30.0,1.6458863322784834e-13
190.0,-25.0,1.1515304275448958e-13
190.0,-20.0,1.0245965771772998e-13
190.0,-15.0,1.1025545256606079e-13
190.0,-10.0,1.3194819581129695e-13
190.0,-5.0,2.0452586231844304e-14
190.0,0.0,2.4032161272108536e-15
190.0,5.0,7.790455462819094e-14
190.0,10.0,1.234184991854769e-13
190.0,15.0,9.13665978757377e-14
190.0,20.0,9.340902141118206e-14
190.0,25.0,9.727188945610459e-14
190.0,30.0,1.0196717338595854e-13
190.0,35.0,1.291545531501241e-13
190.0,40.0,2.3242733505609254e-13
190.0,45.0,1.7007807907810323e-13
190.0,50.0,1.1171668774610867e-13
190.0,55.0,1.3453594674733654e-13
190.0,60.0,1.5736816737980368e-13
190.0,65.0,1.2719942007037428e-13
190.0,70.0,9.885645449506669e-14
190.0,75.0,6.809622764943595e-14
190.0,80.0,7.063766530179939e-14
190.0,85.0,7.527768357191979e-14
190.0,90.0,7.731334004579847e-14
195.0,-90.0,1.656027526828101e-14
195.0,-85.0,2.6167847955569517e-14
195.0,-80.0,2.524360130945979e-14
195.0,-75.0,3.178366663965061e-14
195.0,-70.0,4.889313244736591e-14
195.0,-65.0,6.197653588710899e-14
195.0,-60.0,8.066347816996666e-14
195.0,-55.0,1.030832194106063e-13
195.0,-50.0,1.5341832400410494e-13
195.0,-45.0,2.3802891157105227e-13
195.0,-40.0,2.6550945997615234e-13
195.0,-35.0,2.1176254424570687e-13
195.0,-30.0,1.7236775952236721e-13
195.0,-25.0,1.2630251415774092e-13
195.0,-20.0,1.0765329975505441e-13
195.0,-15.0,1.0805085551011853e-13
195.0,-10.0,1.4634463708809797e-13
195.0,-5.0,7.997759966261129e-14
195.0,0.0,1.6889932682425814e-16
195.0,5.0,7.250212517639557e-14
195.0,10.0,1.1714434400622927e-13
195.0,15.0,1.0042622045012738e-13
195.0,20.0,9.546306366717225e-14
195.0,25.0,1.0434892330267234e-13
195.0,30.0,1.3791317265464689e-13
195.0,35.0,2.00540586040014e-13
195.0,40.0,2.2919329743014097e-13
195.0,45.0,1.298476212503393e-13
195.0,50.0,1.5331673929166834e-13
195.0,55.0,1.781900538699609e-13
195.0,60.0,1.777572750119925e-13
195.0,65.0,1.434347945341353e-13
195.0,70.0,1.083305351870099e-13
195.0,75.0,7.51416582968167e-14
195.0,80.0,7.141744108058498e-14
195.0,85.0,7.570777040320816e-14
195.0,90.0,7.731334004579847e-14
200.0,-90.0,1.656027526828101e-14
200.0,-85.0,2.4985445940614623e-14
200.0,-80.0,2.6240658665944356e-14
200.0,-75.0,3.5967290841126126e-14
200.0,-70.0,5.061056908998943e-14
200.0,-65.0,6.038350802096771e-14
200.0,-60.0,8.926680375663874e-14
200.0,-55.0,1.0046737023891241e-13
200.0,-50.0,1.4149373986266358e-13
200.0,-45.0,2.2666278729431845e-13
200.0,-40.0,2.8027491805221326e-13
200.0,-35.0,2.293317481102091e-13
200.0,-30.0,1.8962095169196257e-13
200.0,-25.0,1.402151676411143e-13
200.0,-20.0,1.2012827758543962e-13
200.0,-15.0,1.2680423258867456e-13
200.0,-10.0,1.9943431008669817e-13
200.0,-5.0,1.7669257453358678e-12
200.0,0.0,3.119584756653191e-16
200.0,5.0,6.182457920444244e-14
200.0,10.0,1.2164087753133966e-13
200.0,15.0,1.0339094792362793e-13
200.0,20.0,8.89307171659518e-14
200.0,25.0,1.1494241717169753e-13
200.0,30.0,2.1086849673229325e-13
200.0,35.0,2.5011097147115677e-13
200.0,40.0,1.7147005981744614e-13
200.0,45.0,1.3507234764302704e-13
200.0,50.0,1.685003204093025e-13
200.0,55.0,1.7086256062303233e-13
200.0,60.0,1.5766128716511173e-13
200.0,65.0,1.3523330254459755e-13
200.0,70.0,1.1032345473561277e-13
200.0,75.0,7.744052598003781e-14
200.0,80.0,7.286813151742911e-14
200.0,85.0,7.525057941078958e-14
200.0,90.0,7.731334004579847e-14
205.0,-90.0,1.656027526828101e-14
205.0,-85.0,2.3791705492376695e-14
205.0,-80.0,2.555671081190776e-14
205.0,-75.0,3.628601525691117e-14
205.0,-70.0,5.2052388121798334e-14
205.0,-65.0,6.29126394456653e-14
205.0,-60.0,8.150519723495572e-14
205.0,-55.0,1.2919540656240353e-13
205.0,-50.0,1.5072596560282634e-13
205.0,-45.0,2.277292330930663e-13
205.0,-40.0,2.5530007533322835e-13
205.0,-35.0,2.647317125854702e-13
205.0,-30.0,1.9026267950001495e-13
205.0,-25.0,1.618532769007954e-13
205.0,-20.0,1.3433101977655373e-13
205.0,-15.0,1.567833557879186e-13
205.0,-10.0,1.826607761143263e-13
205.0,-5.0,1.4070529818177573e-13
205.0,0.0,3.416665884858269e-14
205.0,5.0,5.76523483755117e-14
205.0,10.0,1.489286521391522e-13
205.0,15.0,1.0491405923638526e-13
205.0,20.0,1.1521936005003527e-13
205.0,25.0,1.321009518902126e-13
205.0,30.0,1.9873296591458074e-13
205.0,35.0,2.2345889085112642e-13
205.0,40.0,1.6460008541961794e-13
205.0,45.0,1.7562836972196365e-13
205.0,50.0,1.6268141118132169e-13
205.0,55.0,1.4362338863822949e-13
205.0,60.0,1.3861078451705868e-13
205.0,65.0,1.3312903137460385e-13
205.0,70.0,1.1688081013704753e-13
205.0,75.0,9.804116641326971e-14
205.0,80.0,7.484704200356229e-14
205.0,85.0,7.545897518735929e-14
205.0,90.0,7.731334004579847e-14
210.0,-90.0,1.656027526828101e-14
210.0,-85.0,2.342996448336168e-14
210.0,-80.0,2.5402994824705213e-14
210.0,-75.0,3.936530663269928e-14
210.0,-70.0,5.279295475040795e-14
210.0,-65.0,6.054244460569871e-14
210.0,-60.0,7.440705501426094e-14
210.0,-55.0,1.1373000479722178e-13
210.0,-50.0,1.8132236895908733e-13
210.0,-45.0,2.140137816053285e-13
210.0,-40.0,2.4836846872429753e-13
210.0,-35.0,2.5256566122935887e-13
210.0,-30.0,2.0095569514270305e-13
210.0,-25.0,1.708690109703462e-13
210.0,-20.0,1.6064245266503713e-13
210.0,-15.0,1.869773301081883e-13
210.0,-10.0,2.0774796936576224e-13
210.0,-5.0,3.5737267734581414e-13
210.0,0.0,1.452249820576846e-14
210.0,5.0,7.345148059105563e-14
210.0,10.0,1.3174989095737442e-13
210.0,15.0,1.155031456546946e-13
210.0,20.0,1.4499429711645945e-13
210.0,25.0,1.972552791126409e-13
210.0,30.0,2.3039020451055e-13
210.0,35.0,1.8376881740070839e-13
210.0,40.0,1.6154184389526096e-13
210.0,45.0,1.876102547397556e-13
210.0,50.0,1.6395338640166377e-13
210.0,55.0,1.4793724067459627e-13
210.0,60.0,1.4984309454877378e-13
210.0,65.0,1.3714116427101265e-13
210.0,70.0,1.246911603631935e-13
210.0,75.0,9.55119981862365e-14
210.0,80.0,7.572842818293053e-14
210.0,85.0,7.522339781583802e-14
210.0,90.0,7.731334004579847e-14
215.0,-90.0,1.656027526828101e-14
215.0,-85.0,2.244737234527524e-14
215.0,-80.0,2.615056184104338e-14
215.0,-75.0,3.9759276187820685e-14
215.0,-70.0,5.4216041824536125e-14
215.0,-65.0,6.2412077086786e-14
215.0,-60.0,7.359589689389755e-14
215.0,-55.0,1.2058305989567824e-13
215.0,-50.0,1.5575279842003731e-13
215.0,-45.0,1.911162916709591e-13
215.0,-40.0,2.34778824168635e-13
215.0,-35.0,2.3971368475813286e-13
215.0,-30.0,1.8229909889816072e-13
215.0,-25.0,1.7829370262507714e-13
215.0,-20.0,1.7082297377480344e-13
215.0,-15.0,1.9580682817827051e-13
215.0,-10.0,2.1637282627117645e-13
215.0,-5.0,3.4487487974697023e-13
215.0,0.0,3.137409753747603e-13
215.0,5.0,7.783651032851165e-14
215.0,10.0,1.1730731713397575e-13
215.0,15.0,1.2855030532252116e-13
215.0,20.0,1.5902594965509874e-13
215.0,25.0,1.6303992358344968e-13
215.0,30.0,2.194207404241266e-13
215.0,35.0,2.1696401814040938e-13
215.0,40.0,2.0506143830041219e-13
215.0,45.0,1.9075869420537592e-13
215.0,50.0,1.5690672599025516e-13
215.0,55.0,1.4763884199592936e-13
215.0,60.0,1.5471037557769732e-13
215.0,65.0,1.348708851334011e-13
215.0,70.0,1.2753825296079504e-13
215.0,75.0,9.710001941559993e-14
215.0,80.0,8.262991847813191e-14
215.0,85.0,7.614993045925938e-14
215.0,90.0,7.731334004579847e-14
220.0,-90.0,1.656027526828101e-14
220.0,-85.0,2.1686619765063092e-14
220.0,-80.0,2.5330529157198374e-14
220.0,-75.0,4.3320749737465825e-14
220.0,-70.0,5.582665724810207e-14
220.0,-65.0,6.237886775523076e-14
220.0,-60.0,8.164400774090128e-14
220.0,-55.0,1.126338599403593e-13
220.0,-50.0,1.553093633310451e-13
220.0,-45.0,1.8074501674434944e-13
220.0,-40.0,1.8666702707664213e-13
220.0,-35.0,1.8147390282297224e-13
220.0,-30.0,1.8072348301229721e-13
220.0,-25.0,1.9428545668319334e-13
220.0,-20.0,2.048303291529779e-13
220.0,-15.0,2.1655961186646242e-13
220.0,-10.0,2.1106189107144985e-13
220.0,-5.0,1.8245697031885348e-13
220.0,0.0,5.044604600245241e-14
220.0,5.0,9.978345578367874e-14
220.0,10.0,1.1616179412457727e-13
220.0,15.0,1.3262805200843095e-13
220.0,20.0,1.5190905778077443e-13
220.0,25.0,1.7062500375272527e-13
220.0,30.0,2.447954517514838e-13
220.0,35.0,2.7616223952882715e-13
220.0,40.0,2.8885364823681597e-13
220.0,45.0,2.5403237603229933e-13
220.0,50.0,1.9500702147592942e-13
220.0,55.0,1.6953382822598858e-13
220.0,60.0,1.7664857219888364e-13
220.0,65.0,1.5500650637570087e-13
220.0,70.0,1.2170287813370597e-13
220.0,75.0,9.241672199016744e-14
220.0,80.0,7.925999613843033e-14
220.0,85.0,7.273954205930513e-14
220.0,90.0,7.731334004579847e-14
225.0,-90.0,1.656027526828101e-14
225.0,-85.0,2.1495712512157503e-14
225.0,-80.0,2.564464386305643e-14
225.0,-75.0,4.174152969851378e-14
225.0,-70.0,6.256010695904673e-14
225.0,-65.0,6.496008373784781e-14
225.0,-60.0,8.138584179523814e-14
225.0,-55.0,1.1786229347226262e-13
225.0,-50.0,1.4818031129904927e-13
225.0,-45.0,1.6438230143535387e-13
225.0,-40.0,1.5603762773542421e-13
225.0,-35.0,1.6766649474554178e-13
225.0,-30.0,1.9172436119331197e-13
225.0,-25.0,2.1613471024281985e-13
225.0,-20.0,2.333903558537961e-13
225.0,-15.0,2.2570012694321637e-13
225.0,-10.0,2.4353317899138383e-13
225.0,-5.0,1.835395746071932e-13
225.0,0.0,6.235191700593136e-14
225.0,5.0,1.0987426583206048e-13
225.0,10.0,1.4789741111902318e-13
225.0,15.0,1.7094428759436551e-13
225.0,20.0,1.6665108811488744e-13
225.0,25.0,1.695268545122004e-13
225.0,30.0,2.4126447014821027e-13
225.0,35.0,2.625797542842588e-13
225.0,40.0,3.149963122204397e-13
225.0,45.0,2.7772925712751634e-13
225.0,50.0,2.1532713831447207e-13
225.0,55.0,1.7341836262024158e-13
225.0,60.0,1.6308283633475202e-13
225.0,65.0,1.5550875507377497e-13
225.0,70.0,1.2358364594773187e-13
225.0,75.0,9.338838959987371e-14
225.0,80.0,7.750916723662363e-14
225.0,85.0,7.319190373502119e-14
225.0,90.0,7.731334004579847e-14
230.0,-90.0,1.656027526828101e-14
230.0,-85.0,2.1712977232625425e-14
230.0,-80.0,2.5580856498407713e-14
230.0,-75.0,4.16967695890072e-14
230.0,-70.0,6.420091984644355e-14
230.0,-65.0,7.203000001485624e-14
230.0,-60.0,8.04220158306651e-14
230.0,-55.0,1.0791274523850972e-13
230.0,-50.0,1.3701939034634165e-13
230.0,-45.0,1.70776837695907e-13
230.0,-40.0,1.6921490085295008e-13
230.0,-35.0,1.5721282745681963e-13
230.0,-30.0,1.8692331935106945e-13
230.0,-25.0,2.341239727691747e-13
230.0,-20.0,2.5338244328041195e-13
230.0,-15.0,2.308484767670458e-13
230.0,-10.0,2.653047705592915e-13
230.0,-5.0,1.557722384094318e-13
230.0,0.0,8.116042116947156e-13
230.0,5.0,9.054341653108349e-14
230.0,10.0,1.378823894768951e-13
230.0,15.0,1.6872676146822017e-13
230.0,20.0,1.9132608485797333e-13
230.0,25.0,2.0747178061242416e-13
230.0,30.0,2.434503227778877e-13
230.0,35.0,2.5483474599880374e-13
230.0,40.0,2.8193054391238736e-13
230.0,45.0,2.605025754466251e-13
230.0,50.0,2.2399996930854478e-13
230.0,55.0,2.0688471808375413e-13
230.0,60.0,1.6799852487066493e-13
230.0,65.0,1.5271759666952146e-13
230.0,70.0,1.4171677407183142e-13
230.0,75.0,9.987372782365881e-14
230.0,80.0,7.779827695805895e-14
230.0,85.0,7.120178619335668e-14
230.0,90.0,7.731334004579847e-14
235.0,-90.0,1.656027526828101e-14
235.0,-85.0,2.058060442618942e-14
235.0,-80.0,2.5030481753768807e-14
235.0,-75.0,4.029052817351845e-14
235.0,-70.0,6.441099508952092e-14
235.0,-65.0,7.811260967826384e-14
235.0,-60.0,7.869473766822144e-14
235.0,-55.0,1.010738766770631e-13
235.0,-50.0,1.2894452387676447e-13
235.0,-45.0,1.7770673871383301e-13
235.0,-40.0,2.0827199542730084e-13
235.0,-35.0,1.7693238169019592e-13
235.0,-30.0,1.947354291957533e-13
235.0,-25.0,2.520988245691835e-13
235.0,-20.0,2.617339108232241e-13
235.0,-15.0,3.0724774605128895e-13
235.0,-10.0,2.1475193002833193e-13
235.0,-5.0,1.1648512738712867e-13
235.0,0.0,2.1310032199514873e-14
235.0,5.0,1.1398566973855656e-13
235.0,10.0,1.5666047045806784e-13
235.0,15.0,2.5701067131881496e-13
235.0,20.0,3.266956383553258e-13
235.0,25.0,2.709457986789461e-13
235.0,30.0,3.1282376727718137e-13
235.0,35.0,2.812561356617981e-13
235.0,40.0,2.5950912878128635e-13
235.0,45.0,3.4021479493721533e-13
235.0,50.0,3.1496377882528746e-13
235.0,55.0,2.8014110544546784e-13
235.0,60.0,2.3781090897501853e-13
235.0,65.0,2.280359671910862e-13
235.0,70.0,1.3453100182945546e-13
235.0,75.0,1.009872056704609e-13
235.0,80.0,7.776374553574035e-14
235.0,85.0,7.115454784126491e-14
235.0,90.0,7.731334004579847e-14
240.0,-90.0,1.656027526828101e-14
240.0,-85.0,2.1131934452713424e-14
240.0,-80.0,2.5632670106840566e-14
240.0,-75.0,3.78699466680473e-14
240.0,-70.0,6.130381703430783e-14
240.0,-65.0,7.75763773827985e-14
240.0,-60.0,8.392024237279174e-14
240.0,-55.0,1.0133352543011584e-13
240.0,-50.0,1.241688444999305e-13
240.0,-45.0,1.9935361278676318e-13
240.0,-40.0,2.286927809149715e-13
240.0,-35.0,1.8434930121052126e-13
240.0,-30.0,2.0733786983891967e-13
240.0,-25.0,2.690451386557486e-13
240.0,-20.0,2.9368196192282623e-13
240.0,-15.0,3.4643409500645505e-13
240.0,-10.0,3.66736357595722e-13
240.0,-5.0,1.0337126640626182e-13
240.0,0.0,3.924540358086327e-12
240.0,5.0,1.6126554106993358e-13
240.0,10.0,1.7122470838679926e-13
240.0,15.0,7.044649988291398e-13
240.0,20.0,7.988161692669148e-13
240.0,25.0,4.91067086490535e-13
240.0,30.0,3.905120799744991e-13
240.0,35.0,2.768933368293095e-13
240.0,40.0,3.17551872333012e-13
240.0,45.0,3.789142729354594e-13
240.0,50.0,3.4410940997281035e-13
240.0,55.0,3.009968396477399e-13
240.0,60.0,2.3998818908965185e-13
240.0,65.0,2.2583845184587362e-13
240.0,70.0,1.3170174385546584e-13
240.0,75.0,1.109913709253332e-13
240.0,80.0,7.866213754305461e-14
240.0,85.0,7.062085047873058e-14
240.0,90.0,7.731334004579847e-14
245.0,-90.0,1.656027526828101e-14
245.0,-85.0,2.1020501313749214e-14
245.0,-80.0,2.3982024917411666e-14
245.0,-75.0,3.770065172815999e-14
245.0,-70.0,5.609630400783605e-14
245.0,-65.0,7.306522770220895e-14
245.0,-60.0,8.68202289302157e-14
245.0,-55.0,1.0575828196898001e-13
245.0,-50.0,1.4117918502805682e-13
245.0,-45.0,1.8887132405673414e-13
245.0,-40.0,2.4771038273501385e-13
245.0,-35.0,2.247006734761838e-13
245.0,-30.0,2.316914674581007e-13
245.0,-25.0,2.7673911998420576e-13
245.0,-20.0,3.295430851077499e-13
245.0,-15.0,3.3153210984549624e-13
245.0,-10.0,4.220887583955036e-13
245.0,-5.0,1.3095694177801137e-13
245.0,0.0,1.529964781127415e-13
245.0,5.0,9.159919165112427e-14
245.0,10.0,2.780609458608973e-13
245.0,15.0,1.5536575019222434e-12
245.0,20.0,1.0368938054564929e-12
245.0,25.0,4.855476645074186e-13
245.0,30.0,4.972692621740665e-13
245.0,35.0,5.031082322640719e-13
245.0,40.0,4.026987742406442e-13
245.0,45.0,4.0772837944343345e-13
245.0,50.0,3.6210284984601574e-13
245.0,55.0,3.045721760494745e-13
245.0,60.0,2.6795511447566976e-13
245.0,65.0,2.0437872618724097e-13
245.0,70.0,1.568080191633892e-13
245.0,75.0,1.0955262601349085e-13
245.0,80.0,7.684203130433163e-14
245.0,85.0,7.042442943329325e-14
245.0,90.0,7.731334004579847e-14
250.0,-90.0,1.656027526828101e-14
250.0,-85.0,2.0628234995694115e-14
250.0,-80.0,2.296913772331494e-14
250.0,-75.0,3.087780063154536e-14
250.0,-70.0,5.170912312638577e-14
250.0,-65.0,6.607407511181404e-14
250.0,-60.0,8.065253998415568e-14
250.0,-55.0,9.823686670405837e-14
250.0,-50.0,1.4538405969600937e-13
250.0,-45.0,1.770822686257026e-13
250.0,-40.0,2.2624242896257226e-13
250.0,-35.0,2.733843039525296e-13
250.0,-30.0,2.5254650265483943e-13
250.0,-25.0,2.6532449462069655e-13
250.0,-20.0,3.02497365815856e-13
250.0,-15.0,3.017300234047877e-13
250.0,-10.0,1.7923506736352305e-13
250.0,-5.0,1.3437392977487889e-13
250.0,0.0,1.5415606646527462e-13
250.0,5.0,1.557486711505625e-13
250.0,10.0,1.0754797469897218e-12
250.0,15.0,9.78089652908277e-13
250.0,20.0,6.282661557192391e-13
250.0,25.0,6.028916461521794e-13
250.0,30.0,7.75343083479686e-13
250.0,35.0,5.836613423069976e-13
250.0,40.0,4.820445852526302e-13
250.0,45.0,5.105913131749337e-13
250.0,50.0,3.7479489021456504e-13
250.0,55.0,3.2755496331000716e-13
250.0,60.0,2.5475691717737194e-13
250.0,65.0,2.010850497711259e-13
250.0,70.0,1.538781440415424e-13
250.0,75.0,1.0222293986480314e-13
250.0,80.0,7.668204820126693e-14
250.0,85.0,7.008528261863067e-14
250.0,90.0,7.731334004579847e-14
255.0,-90.0,1.656027526828101e-14
255.0,-85.0,2.1492096837459662e-14
255.0,-80.0,2.198591312186446e-14
255.0,-75.0,2.975711237730178e-14
255.0,-70.0,4.48990258255488e-14
255.0,-65.0,5.6206865248983154e-14
255.0,-60.0,7.616065523052379e-14
255.0,-55.0,9.494091047516232e-14
255.0,-50.0,1.3414913069653945e-13
255.0,-45.0,1.5372173943142623e-13
255.0,-40.0,2.3228727925351064e-13
255.0,-35.0,2.802474318313527e-13
255.0,-30.0,2.6590424930104873e-13
255.0,-25.0,2.6913164406198656e-13
255.0,-20.0,2.7755826946409864e-13
255.0,-15.0,2.355993822348472e-13
255.0,-10.0,1.8910530666364403e-13
255.0,-5.0,1.4783892850390266e-13
255.0,0.0,1.3913623700186092e-13
255.0,5.0,3.5324156072021954e-13
255.0,10.0,6.07819522540161e-13
255.0,15.0,6.837011790633937e-13
255.0,20.0,6.811384153114629e-13
255.0,25.0,7.655027979316818e-13
255.0,30.0,7.457335609754542e-13
255.0,35.0,5.489404999482352e-13
255.0,40.0,4.47534077517143e-13
255.0,45.0,4.975209390925514e-13
255.0,50.0,4.764877948545144e-13
255.0,55.0,3.4194552237822077e-13
255.0,60.0,2.3417183818501213e-13
255.0,65.0,1.881337268787015e-13
255.0,70.0,1.5088422535873405e-13
255.0,75.0,9.832592556110575e-14
255.0,80.0,7.479009829871013e-14
255.0,85.0,7.009514629578344e-14
255.0,90.0,7.731334004579847e-14
260.0,-90.0,1.656027526828101e-14
260.0,-85.0,2.087824180578037e-14
260.0,-80.0,2.025723238306975e-14
260.0,-75.0,2.900190519338375e-14
260.0,-70.0,4.121374132288599e-14
260.0,-65.0,5.091359325719689e-14
260.0,-60.0,6.746476367761893e-14
260.0,-55.0,9.501544245822611e-14
260.0,-50.0,1.2835702315937922e-13
260.0,-45.0,1.5057347242814333e-13
260.0,-40.0,1.9967642271300913e-13
260.0,-35.0,2.594034351117827e-13
260.0,-30.0,2.7552995183550733e-13
260.0,-25.0,2.604104131535449e-13
260.0,-20.0,2.3510833799280284e-13
260.0,-15.0,2.2756380010692204e-13
260.0,-10.0,1.8749654336738725e-13
260.0,-5.0,1.4733477687957952e-13
260.0,0.0,7.011216897833418e-15
260.0,5.0,1.2436272622413408e-13
260.0,10.0,4.031005273334623e-13
260.0,15.0,9.58158742967311e-13
260.0,20.0,7.450481263767477e-13
260.0,25.0,8.086442122358764e-13
260.0,30.0,6.755659520517916e-13
260.0,35.0,5.748038328924248e-13
260.0,40.0,5.560933172770036e-13
260.0,45.0,5.832731257485757e-13
260.0,50.0,5.04717893412894e-13
260.0,55.0,2.975563041560973e-13
260.0,60.0,2.666162148322434e-13
260.0,65.0,1.942890635264004e-13
260.0,70.0,1.738156185280481e-13
260.0,75.0,1.0174720313553211e-13
260.0,80.0,7.260738360713092e-14
260.0,85.0,6.999030359244444e-14
260.0,90.0,7.731334004579847e-14
265.0,-90.0,1.656027526828101e-14
265.0,-85.0,1.9979683986130936e-14
265.0,-80.0,1.9618839030156774e-14
265.0,-75.0,2.7096256023157663e-14
265.0,-70.0,3.2825723173457397e-14
265.0,-65.0,4.058109911781485e-14
265.0,-60.0,5.729818157174936e-14
265.0,-55.0,8.549556218409674e-14
265.0,-50.0,1.2429849327681588e-13
265.0,-45.0,1.5553554354498266e-13
265.0,-40.0,1.9303925600119676e-13
265.0,-35.0,2.8102754123701425e-13
265.0,-30.0,3.2930051987384564e-13
265.0,-25.0,2.589266460064817e-13
265.0,-20.0,2.181449883984472e-13
265.0,-15.0,2.226834246513323e-13
265.0,-10.0,1.8039239303024068e-13
265.0,-5.0,9.123042700179952e-14
265.0,0.0,2.7845615906968396e-15
265.0,5.0,9.327054866457627e-13
265.0,10.0,3.7906120991434175e-13
265.0,15.0,6.143787783972379e-13
265.0,20.0,7.214347315886182e-13
265.0,25.0,7.715119996826478e-13
265.0,30.0,6.221480448860286e-13
265.0,35.0,5.446032255299592e-13
265.0,40.0,5.634317297754046e-13
265.0,45.0,5.111912331725571e-13
265.0,50.0,5.989912716547968e-13
265.0,55.0,4.262276262443565e-13
265.0,60.0,2.5623349350550397e-13
265.0,65.0,2.2505254326257048e-13
265.0,70.0,1.6404916068081558e-13
265.0,75.0,1.0021786604883062e-13
265.0,80.0,7.069198081443224e-14
265.0,85.0,6.900086422501798e-14
265.0,90.0,7.731334004579847e-14
270.0,-90.0,1.656027526828101e-14
270.0,-85.0,1.9794887985225585e-14
270.0,-80.0,1.8776760815176424e-14
270.0,-75.0,2.353187100661711e-14
270.0,-70.0,3.0201674861119114e-14
270.0,-65.0,3.6708995863683075e-14
270.0,-60.0,4.9575974499188796e-14
270.0,-55.0,7.339535696396524e-14
270.0,-50.0,1.0897801306857612e-13
270.0,-45.0,1.508525047821586e-13
270.0,-40.0,2.0265575300862932e-13
270.0,-35.0,3.093033238130029e-13
270.0,-30.0,3.9489771679933506e-13
270.0,-25.0,4.3571818483690343e-13
270.0,-20.0,2.0935568564998566e-13
270.0,-15.0,2.886916975754705e-13
270.0,-10.0,2.437085609007442e-13
270.0,-5.0,9.558120108312706e-14
270.0,0.0,3.772503039968432e-15
270.0,5.0,1.0623942960808364e-13
270.0,10.0,3.196036377040729e-13
270.0,15.0,6.617604401021929e-13
270.0,20.0,7.891937935559894e-13
270.0,25.0,7.595266667342303e-13
270.0,30.0,6.627833880597204e-13
270.0,35.0,5.889154750912646e-13
270.0,40.0,5.84546747221109e-13
270.0,45.0,5.18544570267025e-13
270.0,50.0,5.78257390763565e-13
270.0,55.0,4.368078997634353e-13
270.0,60.0,2.81015266167685e-13
270.0,65.0,2.1843235853292606e-13
270.0,70.0,1.6116489811319786e-13
270.0,75.0,9.575787613449895e-14
270.0,80.0,7.073605284347346e-14
270.0,85.0,6.912466596988977e-14
270.0,90.0,7.731334004579847e-14
275.0,-90.0,1.656027526828101e-14
275.0,-85.0,1.9567877450772734e-14
275.0,-80.0,1.8006346332629592e-14
275.0,-75.0,2.1151397830809718e-14
275.0,-70.0,2.876893320945625e-14
275.0,-65.0,2.824323177401153e-14
275.0,-60.0,4.057146767780868e-14
275.0,-55.0,6.370127946504957e-14
275.0,-50.0,9.918604382999515e-14
275.0,-45.0,1.411026469501633e-13
275.0,-40.0,2.186740138836146e-13
275.0,-35.0,2.712655832566031e-13
275.0,-30.0,3.173389517673965e-13
275.0,-25.0,3.695293409038843e-13
275.0,-20.0,2.504993728631744e-13
275.0,-15.0,2.427250059824628e-13
275.0,-10.0,2.215858214714756e-13
275.0,-5.0,2.8279109233860955e-14
275.0,0.0,9.97675533408806e-15
275.0,5.0,3.284855648003328e-13
275.0,10.0,4.662746610449378e-13
275.0,15.0,6.444923604511166e-13
275.0,20.0,9.228172660590742e-13
275.0,25.0,7.798238719981004e-13
275.0,30.0,6.835948983473854e-13
275.0,35.0,6.775820464515648e-13
275.0,40.0,5.836257878225683e-13
275.0,45.0,5.806719578673367e-13
275.0,50.0,5.150155514277563e-13
275.0,55.0,3.6548626159176574e-13
275.0,60.0,2.7978572894119706e-13
275.0,65.0,2.1206416291975585e-13
275.0,70.0,1.9106441404365435e-13
275.0,75.0,9.543780266844064e-14
275.0,80.0,7.007678468639859e-14
275.0,85.0,6.849348296269502e-14
275.0,90.0,7.731334004579847e-14
280.0,-90.0,1.656027526828101e-14
280.0,-85.0,1.918830414839034e-14
280.0,-80.0,1.7988097446543153e-14
280.0,-75.0,2.102160376844587e-14
280.0,-70.0,2.6307438341883504e-14
280.0,-65.0,2.7028200744218785e-14
280.0,-60.0,3.0177493037711313e-14
280.0,-55.0,6.100398218740117e-14
280.0,-50.0,1.0207828439589984e-13
280.0,-45.0,1.3523906712043655e-13
280.0,-40.0,2.012944654680262e-13
280.0,-35.0,2.3118117444728265e-13
280.0,-30.0,2.4939340347945674e-13
280.0,-25.0,2.61658612095499e-13
280.0,-20.0,2.2611927664204405e-13
280.0,-15.0,2.5305022764121263e-13
280.0,-10.0,2.0327852758376685e-13
280.0,-5.0,2.328779875035078e-14
280.0,0.0,1.0985357007953328e-12
280.0,5.0,5.835802140920765e-13
280.0,10.0,7.607968653562826e-13
280.0,15.0,9.293135181450594e-13
280.0,20.0,1.016650508548453e-12
280.0,25.0,8.609746455296631e-13
280.0,30.0,7.750938050590633e-13
280.0,35.0,6.344695991124688e-13
280.0,40.0,6.062102324667862e-13
280.0,45.0,5.47333053034162e-13
280.0,50.0,4.840866152442691e-13
280.0,55.0,3.5348550017165883e-13
280.0,60.0,2.724092764407509e-13
280.0,65.0,2.1407634935705019e-13
280.0,70.0,2.0244215141843383e-13
280.0,75.0,1.2541517440181852e-13
280.0,80.0,7.155499131852215e-14
280.0,85.0,6.75764984575304e-14
280.0,90.0,7.731334004579847e-14
285.0,-90.0,1.656027526828101e-14
285.0,-85.0,1.8809567717244035e-14
285.0,-80.0,1.6295494931698117e-14
285.0,-75.0,2.1267914695311087e-14
285.0,-70.0,2.571671211891313e-14
285.0,-65.0,2.5771832310870716e-14
285.0,-60.0,3.549214549536591e-14
285.0,-55.0,5.900414446103919e-14
285.0,-50.0,1.0210054348027586e-13
285.0,-45.0,1.5559603862618696e-13
285.0,-40.0,1.667786284473251e-13
285.0,-35.0,1.831724902352496e-13
285.0,-30.0,1.794002745042499e-13
285.0,-25.0,2.0311698793870484e-13
285.0,-20.0,1.7007754400413836e-13
285.0,-15.0,1.6633665280589623e-13
285.0,-10.0,2.3455758417153925e-13
285.0,-5.0,1.3705774749504304e-13
285.0,0.0,2.778343934447231e-13
285.0,5.0,5.259690910323147e-13
285.0,10.0,8.930202205208943e-13
285.0,15.0,9.588385676210458e-13
285.0,20.0,1.2261556118457448e-12
285.0,25.0,1.1690833589116798e-12
285.0,30.0,8.813100163293721e-13
285.0,35.0,7.351344920046063e-13
285.0,40.0,5.663088207508168e-13
285.0,45.0,5.273925068810546e-13
285.0,50.0,4.592304456531692e-13
285.0,55.0,3.4994817326899077e-13
285.0,60.0,2.7080856978231466e-13
285.0,65.0,2.307055418452856e-13
285.0,70.0,2.0051363281587948e-13
285.0,75.0,1.2291936013857775e-13
285.0,80.0,7.15267948950574e-14
285.0,85.0,6.677194371306889e-14
285.0,90.0,7.731334004579847e-14
290.0,-90.0,1.656027526828101e-14
290.0,-85.0,1.8139056114348217e-14
290.0,-80.0,1.608019813241089e-14
290.0,-75.0,1.851955279868534e-14
290.0,-70.0,2.6816873431161998e-14
290.0,-65.0,2.834202644061037e-14
290.0,-60.0,4.3511848219847896e-14
290.0,-55.0,8.178517435271027e-14
290.0,-50.0,1.1927696202227312e-13
290.0,-45.0,1.685293630075969e-13
290.0,-40.0,1.6025834482876125e-13
290.0,-35.0,1.6401694863758504e-13
290.0,-30.0,1.432907775162793e-13
290.0,-25.0,1.5886412147229403e-13
290.0,-20.0,1.5717402781493137e-13
290.0,-15.0,1.5260278037651892e-13
290.0,-10.0,1.813575401436092e-13
290.0,-5.0,1.494605331843275e-13
290.0,0.0,2.6789477018075655e-13
290.0,5.0,6.482100886409174e-13
290.0,10.0,7.154135337182054e-13
290.0,15.0,7.544998477581582e-13
290.0,20.0,1.2148192490376283e-12
290.0,25.0,1.2019939023946615e-12
290.0,30.0,7.681184247842352e-13
290.0,35.0,7.143821997893002e-13
290.0,40.0,5.688824188284045e-13
290.0,45.0,4.334408912587966e-13
290.0,50.0,4.888694051861565e-13
290.0,55.0,2.703697212394053e-13
290.0,60.0,2.65213866240329e-13
290.0,65.0,2.26793681452431e-13
290.0,70.0,1.9694016842070468e-13
290.0,75.0,9.586436219427996e-14
290.0,80.0,6.994278536075322e-14
290.0,85.0,6.738150727246546e-14
290.0,90.0,7.731334004579847e-14
295.0,-90.0,1.656027526828101e-14
295.0,-85.0,1.7747416245073267e-14
295.0,-80.0,1.5837783640346572e-14
295.0,-75.0,1.6904008870445036e-14
295.0,-70.0,2.4088810985642152e-14
295.0,-65.0,2.970940086710635e-14
295.0,-60.0,4.3228096502215343e-14
295.0,-55.0,8.091287207724477e-14
295.0,-50.0,1.3528845475499866e-13
295.0,-45.0,1.881393491862949e-13
295.0,-40.0,1.565672436603833e-13
295.0,-35.0,1.410725450691639e-13
295.0,-30.0,1.173483729569025e-13
295.0,-25.0,1.2193887836166556e-13
295.0,-20.0,1.2840671212746202e-13
295.0,-15.0,1.6329799470620637e-13
295.0,-10.0,1.6036737928555043e-13
295.0,-5.0,1.0550697726958443e-13
295.0,0.0,3.5613666231708175e-08
295.0,5.0,6.251222964998412e-13
295.0,10.0,7.90060301732833e-13
295.0,15.0,7.096087517655999e-13
295.0,20.0,8.059374643015507e-13
295.0,25.0,8.042362015248746e-13
295.0,30.0,6.730149205350654e-13
295.0,35.0,6.534719016765961e-13
295.0,40.0,4.958203323844443e-13
295.0,45.0,3.8586032065275317e-13
295.0,50.0,4.496854906829729e-13
295.0,55.0,2.7408548479812875e-13
295.0,60.0,2.578096806410298e-13
295.0,65.0,2.2421718120420908e-13
295.0,70.0,1.9477471555899441e-13
295.0,75.0,9.378949428309033e-14
295.0,80.0,6.984313858727562e-14
295.0,85.0,6.779641213212551e-14
295.0,90.0,7.731334004579847e-14
300.0,-90.0,1.656027526828101e-14
300.0,-85.0,1.6742060288925044e-14
300.0,-80.0,1.5080350147365926e-14
300.0,-75.0,1.4502965175790443e-14
300.0,-70.0,2.33709863331556e-14
300.0,-65.0,2.829047225907055e-14
300.0,-60.0,4.8298662105775753e-14
300.0,-55.0,8.54284798609305e-14
300.0,-50.0,1.5312102063528698e-13
300.0,-45.0,1.958054810848307e-13
300.0,-40.0,1.666609317522943e-13
300.0,-35.0,1.1122966139227364e-13
300.0,-30.0,1.0383679004084106e-13
300.0,-25.0,1.1208334860958799e-13
300.0,-20.0,1.2147812767993342e-13
300.0,-15.0,1.537036990713334e-13
300.0,-10.0,1.9056245953127969e-13
300.0,-5.0,1.2709873008233173e-13
300.0,0.0,1.674495188130768e-13
300.0,5.0,4.093536774908035e-13
300.0,10.0,7.462301820191599e-13
300.0,15.0,5.203789240765649e-13
300.0,20.0,5.757940125584931e-13
300.0,25.0,5.704845957464672e-13
300.0,30.0,5.394407599252032e-13
300.0,35.0,5.080264075940509e-13
300.0,40.0,5.00490380543895e-13
300.0,45.0,3.567665455196668e-13
300.0,50.0,3.068091715777609e-13
300.0,55.0,2.652702889075712e-13
300.0,60.0,2.3668091400084256e-13
300.0,65.0,2.2063702678311568e-13
300.0,70.0,1.317948985130767e-13
300.0,75.0,9.164128399568728e-14
300.0,80.0,6.995906871382498e-14
300.0,85.0,6.86876001336816e-14
300.0,90.0,7.731334004579847e-14
305.0,-90.0,1.656027526828101e-14
305.0,-85.0,1.6527780348087518e-14
305.0,-80.0,1.2890232699479126e-14
305.0,-75.0,1.3326441699630016e-14
305.0,-70.0,2.13565306064612e-14
305.0,-65.0,2.390314816815751e-14
305.0,-60.0,6.271503456847297e-14
305.0,-55.0,9.126059827985027e-14
305.0,-50.0,1.7989996749646537e-13
305.0,-45.0,2.1340552226451466e-13
305.0,-40.0,1.8599752240946207e-13
305.0,-35.0,1.4329500425972729e-13
305.0,-30.0,1.291062399531601e-13
305.0,-25.0,1.5143201726670792e-13
305.0,-20.0,3.306841331535023e-13
305.0,-15.0,1.4825918275460273e-13
305.0,-10.0,1.9866227043991167e-13
305.0,-5.0,1.0280517400290709e-13
305.0,0.0,1.1774036111602813e-12
305.0,5.0,1.8003359073699887e-12
305.0,10.0,9.453495285571359e-13
305.0,15.0,7.66268516683755e-13
305.0,20.0,4.610660677668609e-13
305.0,25.0,4.909040908983746e-13
305.0,30.0,6.445664504517193e-13
305.0,35.0,3.2309827662489e-13
305.0,40.0,2.154365651426315e-13
305.0,45.0,2.761303794627887e-13
305.0,50.0,2.685860853100647e-13
305.0,55.0,2.8297329072508526e-13
305.0,60.0,2.2427346096551341e-13
305.0,65.0,1.9465940739114194e-13
305.0,70.0,1.0116859950248467e-13
305.0,75.0,8.737025259264135e-14
305.0,80.0,6.916781933397038e-14
305.0,85.0,6.901308935816275e-14
305.0,90.0,7.731334004579847e-14
310.0,-90.0,1.656027526828101e-14
310.0,-85.0,1.6121582361527882e-14
310.0,-80.0,1.3491289823044788e-14
310.0,-75.0,1.2902118108766571e-14
310.0,-70.0,1.8844735928099495e-14
310.0,-65.0,1.8288940945284243e-14
310.0,-60.0,4.7563277894408176e-14
310.0,-55.0,7.329130697834615e-14
310.0,-50.0,1.711013539296688e-13
310.0,-45.0,2.4148048261232837e-13
310.0,-40.0,2.5513185120694825e-13
310.0,-35.0,2.699938506802135e-13
310.0,-30.0,1.520488315252139e-13
310.0,-25.0,2.227328978185297e-13
310.0,-20.0,1.723426717494529e-13
310.0,-15.0,1.492722449127763e-13
310.0,-10.0,1.5364234778745027e-13
310.0,-5.0,2.2926206417516172e-14
310.0,0.0,3.560521392900888e-12
310.0,5.0,3.4060741480336954e-12
310.0,10.0,5.163592887385885e-13
310.0,15.0,5.721505807151605e-13
310.0,20.0,3.9022320797753713e-13
310.0,25.0,3.665424085900404e-13
310.0,30.0,5.201124224602771e-13
310.0,35.0,3.574452712646832e-13
310.0,40.0,2.163235682853572e-13
310.0,45.0,2.0638523559248624e-13
310.0,50.0,1.6897369173722685e-13
310.0,55.0,2.629606239641778e-13
310.0,60.0,1.5428021039365325e-13
310.0,65.0,1.0331840831601778e-13
310.0,70.0,1.0113731224143088e-13
310.0,75.0,9.38739364769332e-14
310.0,80.0,7.720765154938532e-14
310.0,85.0,7.572809914754079e-14
310.0,90.0,7.731334004579847e-14
315.0,-90.0,1.656027526828101e-14
315.0,-85.0,1.5210664013236218e-14
315.0,-80.0,1.0935185544915516e-14
315.0,-75.0,1.1956300290342535e-14
315.0,-70.0,1.3830492316204034e-14
315.0,-65.0,1.3803405380757102e-14
315.0,-60.0,3.566928939193505e-14
315.0,-55.0,7.924247933387653e-14
315.0,-50.0,1.8141532886078026e-13
315.0,-45.0,2.1985109546920117e-13
315.0,-40.0,2.8596086139055084e-13
315.0,-35.0,2.6881916263165317e-13
315.0,-30.0,3.614341744543317e-13
315.0,-25.0,3.9247398830201595e-13
315.0,-20.0,3.213851076639757e-13
315.0,-15.0,3.236185835155462e-13
315.0,-10.0,1.849024360186913e-13
315.0,-5.0,1.8040237914153508e-14
315.0,0.0,3.5430012760900815e-15
315.0,5.0,1.3737970427931734e-13
315.0,10.0,2.4773053515286103e-13
315.0,15.0,3.686114464926361e-13
315.0,20.0,3.525790782693478e-13
315.0,25.0,5.481448087823877e-13
315.0,30.0,3.4636926805644036e-13
315.0,35.0,2.455006601698225e-13
315.0,40.0,2.564332337446829e-13
315.0,45.0,2.0259021334327594e-13
315.0,50.0,2.0109975703256136e-13
315.0,55.0,1.731902840649598e-13
315.0,60.0,1.567638096128649e-13
315.0,65.0,1.0240061978736959e-13
315.0,70.0,1.0760304487795166e-13
315.0,75.0,9.441610503864925e-14
315.0,80.0,7.724468427748475e-14
315.0,85.0,7.630683618710683e-14
315.0,90.0,7.731334004579847e-14
320.0,-90.0,1.656027526828101e-14
320.0,-85.0,1.4869467810334506e-14
320.0,-80.0,1.0484957720247603e-14
320.0,-75.0,9.875320597808722e-15
320.0,-70.0,1.1323823533677485e-14
320.0,-65.0,1.1547921571380782e-14
320.0,-60.0,2.8712252609729586e-14
320.0,-55.0,8.691912389830536e-14
320.0,-50.0,1.9102419550952252e-13
320.0,-45.0,2.278928656587209e-13
320.0,-40.0,2.8700897572169183e-13
320.0,-35.0,2.909852082194497e-13
320.0,-30.0,3.382547451321073e-13
320.0,-25.0,5.06901679927548e-13
320.0,-20.0,5.898385020160828e-13
320.0,-15.0,4.3446930847872443e-13
320.0,-10.0,2.259576684133813e-13
320.0,-5.0,2.605452080688834e-13
320.0,0.0,1.447519094934307e-14
320.0,5.0,4.3791977890716363e-13
320.0,10.0,5.135511130943262e-13
320.0,15.0,5.92568916279543e-13
320.0,20.0,4.559676315519151e-13
320.0,25.0,4.990770543381946e-13
320.0,30.0,3.803013311401752e-13
320.0,35.0,2.828070464614354e-13
320.0,40.0,2.5132814179187244e-13
320.0,45.0,1.988869108751739e-13
320.0,50.0,2.1357230341324047e-13
320.0,55.0,2.0816108996943197e-13
320.0,60.0,1.2579785224686367e-13
320.0,65.0,1.0885254474078082e-13
320.0,70.0,1.0806812996104024e-13
320.0,75.0,9.434459619741245e-14
320.0,80.0,7.581832236947036e-14
320.0,85.0,7.645647067151019e-14
320.0,90.0,7.731334004579847e-14
325.0,-90.0,1.656027526828101e-14
325.0,-85.0,1.3996700300599403e-14
325.0,-80.0,9.701775107464181e-15
325.0,-75.0,8.24575164396566e-15
325.0,-70.0,7.976815435662684e-15
325.0,-65.0,9.239081662744048e-15
325.0,-60.0,3.1432912108746045e-14
325.0,-55.0,8.33228185524103e-14
325.0,-50.0,1.7526740781619365e-13
325.0,-45.0,2.4721650244740396e-13
325.0,-40.0,2.8866110377672273e-13
325.0,-35.0,4.518612241566165e-13
325.0,-30.0,8.719536297623839e-13
325.0,-25.0,1.0809879404211795e-12
325.0,-20.0,6.430370235058574e-13
325.0,-15.0,1.3470537594777405e-12
325.0,-10.0,1.0760940190126616e-12
325.0,-5.0,2.101856123163085e-13
325.0,0.0,6.681196020756435e-13
325.0,5.0,9.988430330613966e-13
325.0,10.0,9.436925393215854e-13
325.0,15.0,8.416772055512462e-13
325.0,20.0,6.541257827997891e-13
325.0,25.0,6.770370950951756e-13
325.0,30.0,3.8818100079383377e-13
325.0,35.0,2.4296056208515764e-13
325.0,40.0,2.919869581655366e-13
325.0,45.0,1.8626162426910683e-13
325.0,50.0,2.0737807509039808e-13
325.0,55.0,1.707420237844144e-13
325.0,60.0,1.5307056283284313e-13
325.0,65.0,1.298940278578778e-13
325.0,70.0,1.0345832729685911e-13
325.0,75.0,9.532779029945144e-14
325.0,80.0,7.609130144893334e-14
325.0,85.0,7.68867277187924e-14
325.0,90.0,7.731334004579847e-14
330.0,-90.0,1.656027526828101e-14
330.0,-85.0,1.4099269675395446e-14
330.0,-80.0,8.714134231933658e-15
330.0,-75.0,5.864542435506373e-15
330.0,-70.0,1.0123063022506348e-14
330.0,-65.0,9.236572965265958e-15
330.0,-60.0,2.0719408207593147e-14
330.0,-55.0,8.926428825708377e-14
330.0,-50.0,1.6876573527725097e-13
330.0,-45.0,2.9006423192019754e-13
330.0,-40.0,4.3313017881604533e-13
330.0,-35.0,6.080591367724645e-13
330.0,-30.0,8.180071622855875e-13
330.0,-25.0,1.0139205768109301e-12
330.0,-20.0,1.63700070795655e-12
330.0,-15.0,1.8588365998502753e-12
330.0,-10.0,2.1335254713863843e-12
330.0,-5.0,4.118706940539329e-12
330.0,0.0,2.445338435478908e-12
330.0,5.0,1.924155757084359e-12
330.0,10.0,1.9431063411252286e-12
330.0,15.0,1.6046992882901376e-12
330.0,20.0,8.697359573961859e-13
330.0,25.0,6.809420112917218e-13
330.0,30.0,5.231686682045941e-13
330.0,35.0,2.5536529660928884e-13
330.0,40.0,2.4800673783923115e-13
330.0,45.0,1.5423459211996267e-13
330.0,50.0,1.557141082452651e-13
330.0,55.0,1.694433136037087e-13
330.0,60.0,1.5324003048904546e-13
330.0,65.0,1.2914367493539294e-13
330.0,70.0,1.0422439826059627e-13
330.0,75.0,7.629935591913266e-14
330.0,80.0,7.572186941847722e-14
330.0,85.0,7.665127026705159e-14
330.0,90.0,7.731334004579847e-14
335.0,-90.0,1.656027526828101e-14
335.0,-85.0,1.4043711604736155e-14
335.0,-80.0,7.408642733527142e-15
335.0,-75.0,4.8731871796600675e-15
335.0,-70.0,6.168603390564707e-15
335.0,-65.0,7.434845862051338e-15
335.0,-60.0,2.420298185444088e-14
335.0,-55.0,1.2276900532726124e-13
335.0,-50.0,1.9635623865350784e-13
335.0,-45.0,3.3729841551764684e-13
335.0,-40.0,5.584059017226963e-13
335.0,-35.0,7.589101294331319e-13
335.0,-30.0,9.660939537817173e-13
335.0,-25.0,1.785605579686613e-12
335.0,-20.0,2.0562955737973807e-12
335.0,-15.0,2.726946931615451e-12
335.0,-10.0,3.2916001194549955e-12
335.0,-5.0,2.6837331473319254e-12
335.0,0.0,6.055089731633182e-12
335.0,5.0,5.914495630222744e-12
335.0,10.0,4.764562797716445e-12
335.0,15.0,1.8068238593837459e-12
335.0,20.0,1.4334212769946668e-12
335.0,25.0,1.2203137333402507e-12
335.0,30.0,6.641561266793326e-13
335.0,35.0,5.875132583422193e-13
335.0,40.0,2.1544103986767092e-13
335.0,45.0,1.5057267831228276e-13
335.0,50.0,1.5524844846120516e-13
335.0,55.0,1.7344286764552772e-13
335.0,60.0,1.4091029454083568e-13
335.0,65.0,1.2838307237696137e-13
335.0,70.0,1.0349104671267723e-13
335.0,75.0,7.642288401746277e-14
335.0,80.0,7.530351900666273e-14
335.0,85.0,7.749067001938019e-14
335.0,90.0,7.731334004579847e-14
340.0,-90.0,1.656027526828101e-14
340.0,-85.0,1.3235287801938672e-14
340.0,-80.0,6.503914156724502e-15
340.0,-75.0,4.383206414397129e-15
340.0,-70.0,5.571769745619043e-15
340.0,-65.0,8.574947047063472e-15
340.0,-60.0,2.2844106418053586e-14
340.0,-55.0,1.2108578290075037e-13
340.0,-50.0,2.0568555898766505e-13
340.0,-45.0,2.791804345965759e-13
340.0,-40.0,5.133105502148951e-13
340.0,-35.0,7.120965391560485e-13
340.0,-30.0,1.0160982411147981e-12
340.0,-25.0,1.6348126954000938e-12
340.0,-20.0,1.963601897735644e-12
340.0,-15.0,2.390043299331085e-12
340.0,-10.0,3.1724446748112962e-12
340.0,-5.0,4.4904742615298835e-12
340.0,0.0,6.909386187039886e-12
340.0,5.0,7.855044894696236e-12
340.0,10.0,6.480393762016194e-12
340.0,15.0,4.515229204596904e-12
340.0,20.0,1.668252696538767e-12
340.0,25.0,1.1911306464056736e-12
340.0,30.0,6.912760806909466e-13
340.0,35.0,6.472074587331077e-13
340.0,40.0,2.045523826439176e-13
340.0,45.0,1.8008476375062751e-13
340.0,50.0,1.5632000823044685e-13
340.0,55.0,1.6899172926545725e-13
340.0,60.0,1.424865799375491e-13
340.0,65.0,1.2603105197843401e-13
340.0,70.0,1.2333585844203477e-13
340.0,75.0,7.739729792580553e-14
340.0,80.0,7.65187828257663e-14
340.0,85.0,7.810385834377823e-14
340.0,90.0,7.731334004579847e-14
345.0,-90.0,1.656027526828101e-14
345.0,-85.0,1.2343516678017006e-14
345.0,-80.0,6.418774337471141e-15
345.0,-75.0,4.381901368831195e-15
345.0,-70.0,5.3257250646385084e-15
345.0,-65.0,9.858007125192026e-15
345.0,-60.0,2.3943208615771115e-14
345.0,-55.0,1.2076844029649972e-13
345.0,-50.0,1.173520529119208e-13
345.0,-45.0,2.2640775481898755e-13
345.0,-40.0,3.5402686644643136e-13
345.0,-35.0,5.425287464715603e-13
345.0,-30.0,1.2099769591724668e-12
345.0,-25.0,1.6161039869671406e-12
345.0,-20.0,1.7445608428698391e-12
345.0,-15.0,1.990366488067423e-12
345.0,-10.0,2.1872527369215636e-12
345.0,-5.0,9.576775410533076e-12
345.0,0.0,6.4403826573329016e-12
345.0,5.0,1.3041054224237515e-11
345.0,10.0,2.368487926050056e-11
345.0,15.0,4.645596986406607e-12
345.0,20.0,3.861436486115899e-12
345.0,25.0,1.3739704469064755e-12
345.0,30.0,8.51084145618568e-13
345.0,35.0,2.702796590828786e-13
345.0,40.0,2.4168085309591744e-13
345.0,45.0,1.979799553723941e-13
345.0,50.0,2.0677600102078378e-13
345.0,55.0,1.7271126206582305e-13
345.0,60.0,1.5544992678275753e-13
345.0,65.0,1.3518654580616527e-13
345.0,70.0,1.2411719652857488e-13
345.0,75.0,7.561060719967993e-14
345.0,80.0,7.669334582054873e-14
345.0,85.0,7.943315314741088e-14
345.0,90.0,7.731334004579847e-14
350.0,-90.0,1.656027526828101e-14
350.0,-85.0,1.0522721881330699e-14
350.0,-80.0,6.610588213232944e-15
350.0,-75.0,4.977640100881141e-15
350.0,-70.0,5.651315937656938e-15
350.0,-65.0,2.769897376263209e-15
350.0,-60.0,9.71066209492784e-15
350.0,-55.0,2.4961458019275155e-14
350.0,-50.0,1.0310919781405874e-13
350.0,-45.0,2.633695976168715e-13
350.0,-40.0,3.0059134429579103e-13
350.0,-35.0,3.888976268691212e-13
350.0,-30.0,8.545420366696474e-13
350.0,-25.0,2.241904235542653e-12
350.0,-20.0,1.6797925543448305e-12
350.0,-15.0,1.8440906516992193e-12
350.0,-10.0,1.943974931798099e-12
350.0,-5.0,6.12136963792999e-12
350.0,0.0,4.4096464255234484e-11
350.0,5.0,4.788027343719508e-11
350.0,10.0,4.966357788214198e-11
350.0,15.0,3.851894574741251e-11
350.0,20.0,2.6112512869033662e-12
350.0,25.0,1.095305104402055e-12
350.0,30.0,8.169110881221724e-13
350.0,35.0,2.712475933406021e-13
350.0,40.0,2.1254725371799542e-13
350.0,45.0,2.204409789557269e-13
350.0,50.0,2.0387763028285474e-13
350.0,55.0,1.722389442541777e-13
350.0,60.0,1.5747541212194532e-13
350.0,65.0,1.5432122125057415e-13
350.0,70.0,1.3068479581229735e-13
350.0,75.0,7.601465130635504e-14
350.0,80.0,7.78249585859565e-14
350.0,85.0,7.916694033671373e-14
350.0,90.0,7.731334004579847e-14
355.0,-90.0,1.656027526828101e-14
355.0,-85.0,9.737923117849413e-15
355.0,-80.0,6.476416939255026e-15
355.0,-75.0,5.0763591847342395e-15
355.0,-70.0,4.8086336518391136e-15
355.0,-65.0,8.359841789538695e-15
355.0,-60.0,8.359039501027313e-15
355.0,-55.0,1.5716482731861168e-14
355.0,-50.0,8.515633960587781e-14
355.0,-45.0,2.409202652897824e-13
355.0,-40.0,2.8601046748737537e-13
355.0,-35.0,3.406289871888491e-13
355.0,-30.0,6.604343479234367e-13
355.0,-25.0,1.5493250111301543e-12
355.0,-20.0,1.4552295323066416e-12
355.0,-15.0,1.6287117622631166e-12
355.0,-10.0,1.4245426593639107e-12
355.0,-5.0,3.9835443434417184e-11
355.0,0.0,5.2267823023300975e-11
355.0,5.0,5.6471230764238545e-11
355.0,10.0,5.6845916849101355e-11
355.0,15.0,2.9285068740027e-11
355.0,20.0,2.815001145869174e-11
355.0,25.0,9.445570042083798e-13
355.0,30.0,2.744598106407361e-13
355.0,35.0,2.6734955989941763e-13
355.0,40.0,2.1592077038785078e-13
355.0,45.0,2.485705200436354e-13
355.0,50.0,2.1883352272151344e-13
355.0,55.0,1.6743685742483327e-13
355.0,60.0,1.5458689602706823e-13
355.0,65.0,1.5632679807092454e-13
355.0,70.0,1.4561177013899746e-13
355.0,75.0,7.649883503451028e-14
355.0,80.0,7.888199903950133e-14
355.0,85.0,7.943516499487801e-14
355.0,90.0,7.731334004579847e-14
