longitude_list,latitude_list,OVII_column_number_density_integrate_data_list
0.0,-90.0,15.01682091453129
0.0,-85.0,14.92616717561435
0.0,-80.0,14.906147187744642
0.0,-75.0,14.884541225309812
0.0,-70.0,14.97770124961388
0.0,-65.0,15.202077447178583
0.0,-60.0,15.15776373580669
0.0,-55.0,15.128580116809674
0.0,-50.0,15.063545137473314
0.0,-45.0,15.065030985102705
0.0,-40.0,15.092921474629458
0.0,-35.0,15.110516328527003
0.0,-30.0,15.126849807286439
0.0,-25.0,15.30098436180747
0.0,-20.0,15.635938773219825
0.0,-15.0,15.737526542802907
0.0,-10.0,15.995541868453895
0.0,-5.0,16.250291065657986
0.0,0.0,17.117341976697844
0.0,5.0,16.081561855192138
0.0,10.0,15.732739581771044
0.0,15.0,15.866687537308074
0.0,20.0,15.836386368830139
0.0,25.0,15.664658897185381
0.0,30.0,15.632406176602002
0.0,35.0,15.625185563684676
0.0,40.0,15.526433349806213
0.0,45.0,15.42013165141921
0.0,50.0,15.252681880366005
0.0,55.0,15.196893317493824
0.0,60.0,15.184747365283469
0.0,65.0,15.193454407906895
0.0,70.0,15.093922475086003
0.0,75.0,15.000036038282143
0.0,80.0,15.033437652357788
0.0,85.0,15.081081432695672
0.0,90.0,15.252713668975785
5.0,-90.0,15.01682091453129
5.0,-85.0,14.926110469361692
5.0,-80.0,14.89486589597405
5.0,-75.0,14.891411400009039
5.0,-70.0,14.94540773990408
5.0,-65.0,15.166630994040919
5.0,-60.0,15.14252424237145
5.0,-55.0,15.096575026292202
5.0,-50.0,15.079157247166592
5.0,-45.0,15.08796124700335
5.0,-40.0,15.080420711130829
5.0,-35.0,15.195726747436158
5.0,-30.0,15.233413366968426
5.0,-25.0,15.293549448349507
5.0,-20.0,15.586685208562029
5.0,-15.0,15.788000763498763
5.0,-10.0,16.01967102899298
5.0,-5.0,16.23612959418974
5.0,0.0,16.11030069089129
5.0,5.0,16.2256836986746
5.0,10.0,15.909234798720233
5.0,15.0,15.989240316452584
5.0,20.0,15.785894688775175
5.0,25.0,15.666240066550053
5.0,30.0,15.64403076956131
5.0,35.0,15.629396693083
5.0,40.0,15.598016511846952
5.0,45.0,15.380991185833471
5.0,50.0,15.251757912657025
5.0,55.0,15.226831412869224
5.0,60.0,15.238604581582095
5.0,65.0,15.227680136625585
5.0,70.0,15.097958532243243
5.0,75.0,14.996552013691893
5.0,80.0,15.05471321128338
5.0,85.0,15.082579006056815
5.0,90.0,15.252713668975785
10.0,-90.0,15.01682091453129
10.0,-85.0,14.926476989809446
10.0,-80.0,14.897755948425761
10.0,-75.0,14.890065518998908
10.0,-70.0,14.932852605513029
10.0,-65.0,15.100199500683404
10.0,-60.0,15.099921695016185
10.0,-55.0,15.093224698495225
10.0,-50.0,15.063045296595357
10.0,-45.0,15.063669835799558
10.0,-40.0,15.138939095495822
10.0,-35.0,15.248570138936923
10.0,-30.0,15.088062140152315
10.0,-25.0,15.229393739839821
10.0,-20.0,15.49351296548289
10.0,-15.0,15.760328541536696
10.0,-10.0,15.926429963506449
10.0,-5.0,16.165014038873537
10.0,0.0,14.607392104846337
10.0,5.0,16.055439967093942
10.0,10.0,15.817109208012521
10.0,15.0,15.693083518314035
10.0,20.0,15.619773684989559
10.0,25.0,15.65660340532125
10.0,30.0,15.584557845777761
10.0,35.0,15.550516837523793
10.0,40.0,15.512545475770596
10.0,45.0,15.349120865970757
10.0,50.0,15.22417544299721
10.0,55.0,15.269482113550419
10.0,60.0,15.23957401900408
10.0,65.0,15.18219813036052
10.0,70.0,15.119147719066158
10.0,75.0,15.006720574011405
10.0,80.0,15.069229532218067
10.0,85.0,15.088578910535112
10.0,90.0,15.252713668975785
15.0,-90.0,15.01682091453129
15.0,-85.0,14.926664603329602
15.0,-80.0,14.902656638552118
15.0,-75.0,14.902922782264175
15.0,-70.0,14.938491103536942
15.0,-65.0,15.034757208198453
15.0,-60.0,15.019541507457463
15.0,-55.0,15.086116618444748
15.0,-50.0,15.049009628557577
15.0,-45.0,15.090036550235661
15.0,-40.0,15.282405276518592
15.0,-35.0,15.253201975560355
15.0,-30.0,15.23463159826817
15.0,-25.0,15.191393142775766
15.0,-20.0,15.376417613862778
15.0,-15.0,15.631109669442212
15.0,-10.0,15.893359052340637
15.0,-5.0,15.960552903260183
15.0,0.0,16.85009615495333
15.0,5.0,15.9843538231491
15.0,10.0,15.616344852676919
15.0,15.0,15.525279021728352
15.0,20.0,15.494019614997269
15.0,25.0,15.559033924639483
15.0,30.0,15.561236840067282
15.0,35.0,15.493255870978851
15.0,40.0,15.41154850541879
15.0,45.0,15.319671559250942
15.0,50.0,15.271188122515683
15.0,55.0,15.29839198683146
15.0,60.0,15.253961796914835
15.0,65.0,15.198196408488542
15.0,70.0,15.133182561474543
15.0,75.0,15.073821544960749
15.0,80.0,15.089300679996438
15.0,85.0,15.109686751345938
15.0,90.0,15.252713668975785
20.0,-90.0,15.01682091453129
20.0,-85.0,14.904999464166256
20.0,-80.0,14.894514861644687
20.0,-75.0,14.921894612465959
20.0,-70.0,14.948834101675356
20.0,-65.0,14.946032513108545
20.0,-60.0,14.994280922324766
20.0,-55.0,15.024733679064651
20.0,-50.0,15.02686804796369
20.0,-45.0,15.164350637402233
20.0,-40.0,15.205516072986578
20.0,-35.0,15.311709270814069
20.0,-30.0,15.364538223529717
20.0,-25.0,15.317628125840914
20.0,-20.0,15.497125123981341
20.0,-15.0,15.65569737411414
20.0,-10.0,15.803349501353049
20.0,-5.0,15.842274735038872
20.0,0.0,16.644894058675366
20.0,5.0,15.86088874419631
20.0,10.0,15.628435077747872
20.0,15.0,15.514629238539563
20.0,20.0,15.48755271844849
20.0,25.0,15.372933500942597
20.0,30.0,15.347231997295632
20.0,35.0,15.446073154085996
20.0,40.0,15.395175656070348
20.0,45.0,15.318850041472146
20.0,50.0,15.305228645480769
20.0,55.0,15.308198360375828
20.0,60.0,15.27021778918545
20.0,65.0,15.212905542783433
20.0,70.0,15.139623002214234
20.0,75.0,15.202907302607274
20.0,80.0,15.14397774643798
20.0,85.0,15.135374427212543
20.0,90.0,15.252713668975785
25.0,-90.0,15.01682091453129
25.0,-85.0,14.899851041001464
25.0,-80.0,14.900487040436495
25.0,-75.0,14.907083640458453
25.0,-70.0,14.983818685197503
25.0,-65.0,14.925760371405822
25.0,-60.0,14.974932368267279
25.0,-55.0,15.020844172755279
25.0,-50.0,15.079459817658153
25.0,-45.0,15.202515609100821
25.0,-40.0,15.247562437843767
25.0,-35.0,15.424002989440083
25.0,-30.0,15.377224416399923
25.0,-25.0,15.52113338569878
25.0,-20.0,15.58833473835774
25.0,-15.0,15.675548070178873
25.0,-10.0,15.792188981926454
25.0,-5.0,15.721869289604625
25.0,0.0,15.460636150698909
25.0,5.0,15.458578073861364
25.0,10.0,15.481887660890015
25.0,15.0,15.42133597940695
25.0,20.0,15.397422495180093
25.0,25.0,15.270229902549394
25.0,30.0,15.263025734158159
25.0,35.0,15.302501953451706
25.0,40.0,15.454088119533608
25.0,45.0,15.317414905607047
25.0,50.0,15.291214304176215
25.0,55.0,15.319069754250867
25.0,60.0,15.25559750902062
25.0,65.0,15.229892378369964
25.0,70.0,15.165301362255136
25.0,75.0,15.23447326874591
25.0,80.0,15.149727633556216
25.0,85.0,15.15022500994021
25.0,90.0,15.252713668975785
30.0,-90.0,15.01682091453129
30.0,-85.0,14.904465091736053
30.0,-80.0,14.889022842104637
30.0,-75.0,14.901158301191415
30.0,-70.0,15.062585252907045
30.0,-65.0,14.938910878183673
30.0,-60.0,14.96152990008034
30.0,-55.0,14.992468165530319
30.0,-50.0,15.084553535756557
30.0,-45.0,15.175943359560328
30.0,-40.0,15.224566920847987
30.0,-35.0,15.328114635278768
30.0,-30.0,15.371745439902092
30.0,-25.0,15.627587374632503
30.0,-20.0,15.728673361214742
30.0,-15.0,15.775765629349758
30.0,-10.0,15.863002397092508
30.0,-5.0,15.363141529395191
30.0,0.0,14.076308166533028
30.0,5.0,15.272454191486561
30.0,10.0,15.38135930884925
30.0,15.0,15.452076597038293
30.0,20.0,15.414153515031932
30.0,25.0,15.315544643887142
30.0,30.0,15.205930805799158
30.0,35.0,15.267444899385303
30.0,40.0,15.333005017169954
30.0,45.0,15.32264298793529
30.0,50.0,15.332138598877101
30.0,55.0,15.345075181482516
30.0,60.0,15.277315066016943
30.0,65.0,15.28173281439033
30.0,70.0,15.208363452498018
30.0,75.0,15.260454680751632
30.0,80.0,15.208821286587034
30.0,85.0,15.159014746077657
30.0,90.0,15.252713668975785
35.0,-90.0,15.01682091453129
35.0,-85.0,14.913661536725334
35.0,-80.0,14.832097303750595
35.0,-75.0,14.88918743261654
35.0,-70.0,15.123165590742223
35.0,-65.0,14.956926548176199
35.0,-60.0,14.971747815434965
35.0,-55.0,15.092911625873889
35.0,-50.0,15.227377139039746
35.0,-45.0,15.195603936000039
35.0,-40.0,15.17503342405
35.0,-35.0,15.373169891497147
35.0,-30.0,15.539809032299935
35.0,-25.0,15.617144485752629
35.0,-20.0,15.63065220512688
35.0,-15.0,15.724146991846284
35.0,-10.0,15.755173776920543
35.0,-5.0,15.854739403569193
35.0,0.0,16.508291163391732
35.0,5.0,15.6306370739867
35.0,10.0,15.46874898766567
35.0,15.0,15.420896498252946
35.0,20.0,15.513121188993784
35.0,25.0,15.469031996365983
35.0,30.0,15.357215664301684
35.0,35.0,15.334161446515516
35.0,40.0,15.364272228228552
35.0,45.0,15.406877275130935
35.0,50.0,15.367283382162512
35.0,55.0,15.335026268455762
35.0,60.0,15.27653423912669
35.0,65.0,15.314082083172362
35.0,70.0,15.253024972668886
35.0,75.0,15.28417051765754
35.0,80.0,15.224509371941423
35.0,85.0,15.187747470562845
35.0,90.0,15.252713668975785
40.0,-90.0,15.01682091453129
40.0,-85.0,14.922635571415263
40.0,-80.0,14.86944110280532
40.0,-75.0,14.896065466901401
40.0,-70.0,15.096288632191406
40.0,-65.0,14.963532169844472
40.0,-60.0,14.949396992616748
40.0,-55.0,15.08886318775293
40.0,-50.0,15.177390922932158
40.0,-45.0,15.109920782229665
40.0,-40.0,15.118834382577827
40.0,-35.0,15.222659658935994
40.0,-30.0,15.384857735780836
40.0,-25.0,15.501383771739732
40.0,-20.0,15.612408102487622
40.0,-15.0,15.710494400696037
40.0,-10.0,15.681013467215775
40.0,-5.0,15.66068852299188
40.0,0.0,15.602430045692005
40.0,5.0,15.377873325339534
40.0,10.0,15.618423727937678
40.0,15.0,15.404584615216516
40.0,20.0,15.552089429375178
40.0,25.0,15.491308987488662
40.0,30.0,15.44507435945825
40.0,35.0,15.453434460260771
40.0,40.0,15.437276084478244
40.0,45.0,15.47244771909265
40.0,50.0,15.352226479758379
40.0,55.0,15.368249250939527
40.0,60.0,15.305676857778886
40.0,65.0,15.32202326444395
40.0,70.0,15.282262442256595
40.0,75.0,15.309668664779409
40.0,80.0,15.246167453873214
40.0,85.0,15.201043863913009
40.0,90.0,15.252713668975785
45.0,-90.0,15.01682091453129
45.0,-85.0,14.903360149655411
45.0,-80.0,14.873286506935525
45.0,-75.0,14.874656515270253
45.0,-70.0,15.005622796960852
45.0,-65.0,15.066645673424484
45.0,-60.0,14.984617224621454
45.0,-55.0,15.06575930979808
45.0,-50.0,15.152313984458823
45.0,-45.0,15.096916237928932
45.0,-40.0,15.220606563939407
45.0,-35.0,15.282244739091823
45.0,-30.0,15.42902966981051
45.0,-25.0,15.524795638966223
45.0,-20.0,15.661190947221018
45.0,-15.0,15.534232357453885
45.0,-10.0,15.402763067814393
45.0,-5.0,15.595886399142026
45.0,0.0,15.87135228160862
45.0,5.0,15.581406187103106
45.0,10.0,15.359880671955079
45.0,15.0,15.46268558918866
45.0,20.0,15.558209492202792
45.0,25.0,15.530710456536452
45.0,30.0,15.510493798166035
45.0,35.0,15.49517607959463
45.0,40.0,15.529472954878303
45.0,45.0,15.475833739216704
45.0,50.0,15.341915721252617
45.0,55.0,15.385931477240765
45.0,60.0,15.343230988109251
45.0,65.0,15.333838415492108
45.0,70.0,15.298106531382835
45.0,75.0,15.334044756938024
45.0,80.0,15.256608071219967
45.0,85.0,15.204664196378841
45.0,90.0,15.252713668975785
50.0,-90.0,15.01682091453129
50.0,-85.0,14.91206353832824
50.0,-80.0,14.898603220244809
50.0,-75.0,14.88375286194429
50.0,-70.0,14.90869186581283
50.0,-65.0,15.05768411441013
50.0,-60.0,15.005443463092709
50.0,-55.0,15.121833497718079
50.0,-50.0,15.157571714473477
50.0,-45.0,15.231306509084856
50.0,-40.0,15.439575126398246
50.0,-35.0,15.566867846923634
50.0,-30.0,15.56396075161708
50.0,-25.0,15.503143045184318
50.0,-20.0,15.403910775381561
50.0,-15.0,15.377772359502568
50.0,-10.0,15.353029280255752
50.0,-5.0,15.535025746814075
50.0,0.0,14.45216329053975
50.0,5.0,15.29052001047014
50.0,10.0,15.312008300376615
50.0,15.0,15.512879381369597
50.0,20.0,15.623272042902634
50.0,25.0,15.589546185831875
50.0,30.0,15.559344277603328
50.0,35.0,15.537495292559704
50.0,40.0,15.538476939444116
50.0,45.0,15.439416313603354
50.0,50.0,15.380923670173813
50.0,55.0,15.373727176787414
50.0,60.0,15.329904416753243
50.0,65.0,15.329479679106143
50.0,70.0,15.310261113356257
50.0,75.0,15.24688575983487
50.0,80.0,15.263790059291123
50.0,85.0,15.209837974863307
50.0,90.0,15.252713668975785
55.0,-90.0,15.01682091453129
55.0,-85.0,14.916290319849578
55.0,-80.0,14.898452405932423
55.0,-75.0,14.89960755487121
55.0,-70.0,14.874198204037894
55.0,-65.0,15.016829108804037
55.0,-60.0,15.058702613728885
55.0,-55.0,15.14229924636989
55.0,-50.0,15.21786178894206
55.0,-45.0,15.330381649572871
55.0,-40.0,15.46123653597783
55.0,-35.0,15.44568098096551
55.0,-30.0,15.365808221867121
55.0,-25.0,15.308482552224511
55.0,-20.0,15.356793679424738
55.0,-15.0,15.471371414146345
55.0,-10.0,15.527283765642464
55.0,-5.0,15.389828943981069
55.0,0.0,14.355331154230107
55.0,5.0,15.287358313171637
55.0,10.0,15.278475684173635
55.0,15.0,15.40830825808429
55.0,20.0,15.568239297643112
55.0,25.0,15.581385461002435
55.0,30.0,15.536972420664426
55.0,35.0,15.541288045013255
55.0,40.0,15.514960004495194
55.0,45.0,15.450637784264128
55.0,50.0,15.414926031383885
55.0,55.0,15.360336146262357
55.0,60.0,15.307423295024211
55.0,65.0,15.324101526379621
55.0,70.0,15.308925528944977
55.0,75.0,15.260197744435837
55.0,80.0,15.295779957018972
55.0,85.0,15.220485673098338
55.0,90.0,15.252713668975785
60.0,-90.0,15.01682091453129
60.0,-85.0,14.930791767244202
60.0,-80.0,14.90409691227768
60.0,-75.0,14.904421005059252
60.0,-70.0,14.940627070814898
60.0,-65.0,14.96422979963201
60.0,-60.0,15.068892732765471
60.0,-55.0,15.215896581068998
60.0,-50.0,15.27544547851629
60.0,-45.0,15.298250232354537
60.0,-40.0,15.31643224002916
60.0,-35.0,15.302582542356479
60.0,-30.0,15.276386513098144
60.0,-25.0,15.361970102194398
60.0,-20.0,15.437839353194832
60.0,-15.0,15.543409532786002
60.0,-10.0,15.42420939635289
60.0,-5.0,15.653512149517486
60.0,0.0,15.146272625455545
60.0,5.0,15.395205860266351
60.0,10.0,15.269686544898054
60.0,15.0,15.383821839600405
60.0,20.0,15.509650691100159
60.0,25.0,15.512736281673847
60.0,30.0,15.495046922594872
60.0,35.0,15.483888816414705
60.0,40.0,15.4528154725715
60.0,45.0,15.452637894776053
60.0,50.0,15.407652764048358
60.0,55.0,15.368276221304695
60.0,60.0,15.295573572777228
60.0,65.0,15.326007098572276
60.0,70.0,15.308181694942919
60.0,75.0,15.250422833049834
60.0,80.0,15.30809506535014
60.0,85.0,15.229092750693178
60.0,90.0,15.252713668975785
65.0,-90.0,15.01682091453129
65.0,-85.0,14.914973576429386
65.0,-80.0,14.923806698697902
65.0,-75.0,14.933928717984182
65.0,-70.0,14.977518545694412
65.0,-65.0,14.983997760977033
65.0,-60.0,15.054383530367513
65.0,-55.0,15.216397012412827
65.0,-50.0,15.339402927307344
65.0,-45.0,15.309611561733611
65.0,-40.0,15.27921572327952
65.0,-35.0,15.275384892328617
65.0,-30.0,15.315440096762362
65.0,-25.0,15.40968189567639
65.0,-20.0,15.502333173475625
65.0,-15.0,15.45201629451263
65.0,-10.0,15.469676111336165
65.0,-5.0,15.523724939889549
65.0,0.0,14.581913078281172
65.0,5.0,15.112275467356303
65.0,10.0,15.17305818526594
65.0,15.0,15.309144010675489
65.0,20.0,15.476157974842241
65.0,25.0,15.41985722522517
65.0,30.0,15.447963545381674
65.0,35.0,15.435382858741894
65.0,40.0,15.40829128263794
65.0,45.0,15.402365880964323
65.0,50.0,15.394205265156373
65.0,55.0,15.376279792130859
65.0,60.0,15.326898186180413
65.0,65.0,15.352081665653408
65.0,70.0,15.283322972817288
65.0,75.0,15.239791268976555
65.0,80.0,15.315584285127827
65.0,85.0,15.238971114551408
65.0,90.0,15.252713668975785
70.0,-90.0,15.01682091453129
70.0,-85.0,14.916713952332685
70.0,-80.0,14.932598537286456
70.0,-75.0,14.977429577024436
70.0,-70.0,15.006194516911384
70.0,-65.0,15.02386032039136
70.0,-60.0,15.079361729560553
70.0,-55.0,15.197383673985495
70.0,-50.0,15.320225765021888
70.0,-45.0,15.388643234361368
70.0,-40.0,15.360330214163378
70.0,-35.0,15.329891951309712
70.0,-30.0,15.365181073369843
70.0,-25.0,15.412130822879286
70.0,-20.0,15.40286894042419
70.0,-15.0,15.353971596458354
70.0,-10.0,15.32257806556729
70.0,-5.0,15.294671282493336
70.0,0.0,15.354587577832136
70.0,5.0,15.01552193448738
70.0,10.0,15.071447876108026
70.0,15.0,15.238555955856341
70.0,20.0,15.495016749328952
70.0,25.0,15.379909693458197
70.0,30.0,15.389869771846458
70.0,35.0,15.382317297696302
70.0,40.0,15.400704676186194
70.0,45.0,15.40115690501817
70.0,50.0,15.375500468459167
70.0,55.0,15.421743779807176
70.0,60.0,15.36794170844177
70.0,65.0,15.350539251516961
70.0,70.0,15.269734007541668
70.0,75.0,15.219508519561849
70.0,80.0,15.207603346884666
70.0,85.0,15.247840461843577
70.0,90.0,15.252713668975785
75.0,-90.0,15.01682091453129
75.0,-85.0,14.925244293101217
75.0,-80.0,14.934979032399742
75.0,-75.0,15.01231589856722
75.0,-70.0,15.009145212950598
75.0,-65.0,15.006528650644178
75.0,-60.0,15.107139576144073
75.0,-55.0,15.177658448276809
75.0,-50.0,15.286287562493898
75.0,-45.0,15.433786053482327
75.0,-40.0,15.401085653162154
75.0,-35.0,15.41424704424543
75.0,-30.0,15.37916743385271
75.0,-25.0,15.432820911049586
75.0,-20.0,15.389357014786029
75.0,-15.0,15.413222564353005
75.0,-10.0,15.220540198397016
75.0,-5.0,14.85607590978537
75.0,0.0,13.127949295086287
75.0,5.0,14.908656609315944
75.0,10.0,15.065925662958035
75.0,15.0,15.148828852671723
75.0,20.0,15.274664141107488
75.0,25.0,15.40070134671478
75.0,30.0,15.37902068457804
75.0,35.0,15.351001586048689
75.0,40.0,15.435027750044313
75.0,45.0,15.40339666572778
75.0,50.0,15.380157807703132
75.0,55.0,15.408080278859993
75.0,60.0,15.374295696230147
75.0,65.0,15.346358555519535
75.0,70.0,15.25114170259127
75.0,75.0,15.205792747057163
75.0,80.0,15.199914463958539
75.0,85.0,15.268406025535196
75.0,90.0,15.252713668975785
80.0,-90.0,15.01682091453129
80.0,-85.0,14.93146414195211
80.0,-80.0,14.962368291940102
80.0,-75.0,15.01986410417803
80.0,-70.0,15.036553554403918
80.0,-65.0,15.056028340669956
80.0,-60.0,15.104966956583784
80.0,-55.0,15.13465355265995
80.0,-50.0,15.200230328521814
80.0,-45.0,15.315362002539601
80.0,-40.0,15.387247576942036
80.0,-35.0,15.435103742164008
80.0,-30.0,15.474883614255242
80.0,-25.0,15.429877926350771
80.0,-20.0,15.292444491490233
80.0,-15.0,15.257986274868388
80.0,-10.0,15.03864239588537
80.0,-5.0,14.534247718484446
80.0,0.0,13.46874947703175
80.0,5.0,14.6693910399915
80.0,10.0,15.081824515874947
80.0,15.0,15.165518662168362
80.0,20.0,15.265073495643087
80.0,25.0,15.306780019587528
80.0,30.0,15.355516024683443
80.0,35.0,15.30509151559296
80.0,40.0,15.358153559436724
80.0,45.0,15.359795684951816
80.0,50.0,15.36538755735846
80.0,55.0,15.386524734538272
80.0,60.0,15.370612923731985
80.0,65.0,15.328504280353084
80.0,70.0,15.22685995662802
80.0,75.0,15.198326834273606
80.0,80.0,15.200161582256662
80.0,85.0,15.26628568183132
80.0,90.0,15.252713668975785
85.0,-90.0,15.01682091453129
85.0,-85.0,14.926413468437037
85.0,-80.0,14.912478924291712
85.0,-75.0,14.996228439888494
85.0,-70.0,15.044218371900934
85.0,-65.0,15.097671932392657
85.0,-60.0,15.128957834000424
85.0,-55.0,15.173315223085643
85.0,-50.0,15.196611172342289
85.0,-45.0,15.255522644675532
85.0,-40.0,15.373828071272365
85.0,-35.0,15.490461135372879
85.0,-30.0,15.44792036328296
85.0,-25.0,15.316790865564604
85.0,-20.0,15.226597992296519
85.0,-15.0,15.274506854308855
85.0,-10.0,15.07181777451984
85.0,-5.0,14.599131606627616
85.0,0.0,14.097769878756953
85.0,5.0,14.71674348953622
85.0,10.0,15.160453818934114
85.0,15.0,15.146701947009943
85.0,20.0,15.159665463468192
85.0,25.0,15.185691556865274
85.0,30.0,15.203980959789899
85.0,35.0,15.225007320794024
85.0,40.0,15.204425544889167
85.0,45.0,15.323720424884032
85.0,50.0,15.331417955262078
85.0,55.0,15.375422705917691
85.0,60.0,15.359059852856067
85.0,65.0,15.314009412324799
85.0,70.0,15.221602348839946
85.0,75.0,15.195762550113876
85.0,80.0,15.208998555826817
85.0,85.0,15.264777125605704
85.0,90.0,15.252713668975785
90.0,-90.0,15.01682091453129
90.0,-85.0,14.920593396961019
90.0,-80.0,14.91114085687838
90.0,-75.0,15.01536231637144
90.0,-70.0,15.053129369954691
90.0,-65.0,15.0979423977988
90.0,-60.0,15.161347881918525
90.0,-55.0,15.177022150577598
90.0,-50.0,15.191495162265946
90.0,-45.0,15.222134744194785
90.0,-40.0,15.330214780104649
90.0,-35.0,15.41238365144184
90.0,-30.0,15.317080187588141
90.0,-25.0,15.286905853922498
90.0,-20.0,15.285061218610041
90.0,-15.0,15.185861854399075
90.0,-10.0,15.064145310369755
90.0,-5.0,14.639531352856835
90.0,0.0,14.222600528127929
90.0,5.0,14.903989378724647
90.0,10.0,15.14885390819851
90.0,15.0,15.097381437125655
90.0,20.0,15.133142748080312
90.0,25.0,15.147105038155004
90.0,30.0,15.113134687979862
90.0,35.0,15.142540141616767
90.0,40.0,15.112366333019594
90.0,45.0,15.232292378513474
90.0,50.0,15.355575617815093
90.0,55.0,15.342821170664275
90.0,60.0,15.330708805778036
90.0,65.0,15.294825003568887
90.0,70.0,15.217948441296627
90.0,75.0,15.204643721646582
90.0,80.0,15.211421486859393
90.0,85.0,15.27294061788677
90.0,90.0,15.252713668975785
95.0,-90.0,15.01682091453129
95.0,-85.0,14.932766843906135
95.0,-80.0,14.926737543702698
95.0,-75.0,15.012701930628321
95.0,-70.0,15.075595885146605
95.0,-65.0,15.119718760538847
95.0,-60.0,15.183350513602853
95.0,-55.0,15.19110248209923
95.0,-50.0,15.192343474527728
95.0,-45.0,15.284232284487862
95.0,-40.0,15.339212468820925
95.0,-35.0,15.29590086847666
95.0,-30.0,15.30168816447698
95.0,-25.0,15.315833504747411
95.0,-20.0,15.301313816954204
95.0,-15.0,15.169594369594217
95.0,-10.0,15.012659306167963
95.0,-5.0,14.734146598033472
95.0,0.0,15.049126599305714
95.0,5.0,15.136145826738503
95.0,10.0,15.20651646970377
95.0,15.0,15.127199175865496
95.0,20.0,15.03192266762889
95.0,25.0,15.040070242259262
95.0,30.0,15.09127488074571
95.0,35.0,15.125438662225076
95.0,40.0,15.05871234814125
95.0,45.0,15.191141022535641
95.0,50.0,15.302348981010885
95.0,55.0,15.288217151009114
95.0,60.0,15.327014733572431
95.0,65.0,15.289537265618124
95.0,70.0,15.222920348802933
95.0,75.0,15.20797663675639
95.0,80.0,15.20419412682388
95.0,85.0,15.262360701087948
95.0,90.0,15.252713668975785
100.0,-90.0,15.01682091453129
100.0,-85.0,14.93987061348648
100.0,-80.0,14.937758360006898
100.0,-75.0,15.030635609937383
100.0,-70.0,15.098832152765043
100.0,-65.0,15.135659070370851
100.0,-60.0,15.202601959867673
100.0,-55.0,15.217167497288832
100.0,-50.0,15.184955581792684
100.0,-45.0,15.303235108386769
100.0,-40.0,15.38127071098856
100.0,-35.0,15.32076770077454
100.0,-30.0,15.366690407842661
100.0,-25.0,15.345555232020338
100.0,-20.0,15.307557139535641
100.0,-15.0,15.110434002167562
100.0,-10.0,15.074253018712396
100.0,-5.0,14.917856511155128
100.0,0.0,14.713806454899181
100.0,5.0,15.320382863804621
100.0,10.0,15.176340449324636
100.0,15.0,15.080795297364475
100.0,20.0,15.003065150566638
100.0,25.0,14.970520996145549
100.0,30.0,15.033846676061277
100.0,35.0,14.98970948845558
100.0,40.0,15.026385954514573
100.0,45.0,15.134871082221986
100.0,50.0,15.24833135156237
100.0,55.0,15.248453127623407
100.0,60.0,15.334288632865974
100.0,65.0,15.26809635930113
100.0,70.0,15.223050444172092
100.0,75.0,15.188791896655045
100.0,80.0,15.194697449938207
100.0,85.0,15.264205831440707
100.0,90.0,15.252713668975785
105.0,-90.0,15.01682091453129
105.0,-85.0,14.937151775358695
105.0,-80.0,14.939622592626186
105.0,-75.0,15.034181762903158
105.0,-70.0,15.108023255831311
105.0,-65.0,15.112671011749567
105.0,-60.0,15.239645893298157
105.0,-55.0,15.205723528857714
105.0,-50.0,15.267391334031343
105.0,-45.0,15.305948341851735
105.0,-40.0,15.401646778947713
105.0,-35.0,15.414985679198168
105.0,-30.0,15.37874707940243
105.0,-25.0,15.316054205867308
105.0,-20.0,15.260564613958222
105.0,-15.0,15.143781807375564
105.0,-10.0,15.093580428648167
105.0,-5.0,14.66372443548526
105.0,0.0,13.022084774254548
105.0,5.0,15.086662680352381
105.0,10.0,15.15214297128661
105.0,15.0,15.07484998557189
105.0,20.0,14.997028368976892
105.0,25.0,14.93658356338569
105.0,30.0,14.900986884796456
105.0,35.0,14.94118982414384
105.0,40.0,14.943678375529464
105.0,45.0,15.055256393797867
105.0,50.0,15.215938911286036
105.0,55.0,15.207451595476117
105.0,60.0,15.305997230583024
105.0,65.0,15.256857446112262
105.0,70.0,15.213106825659485
105.0,75.0,15.182343742023713
105.0,80.0,15.20172131406556
105.0,85.0,15.267001164905006
105.0,90.0,15.252713668975785
110.0,-90.0,15.01682091453129
110.0,-85.0,14.93992650745367
110.0,-80.0,14.945210607678694
110.0,-75.0,15.037524355973824
110.0,-70.0,15.09310611536145
110.0,-65.0,15.125069805989831
110.0,-60.0,15.243540759895616
110.0,-55.0,15.268350645034142
110.0,-50.0,15.306557022389438
110.0,-45.0,15.371189840900811
110.0,-40.0,15.38539254195631
110.0,-35.0,15.318728907405346
110.0,-30.0,15.266709828582636
110.0,-25.0,15.208057458311517
110.0,-20.0,15.165953966345722
110.0,-15.0,15.129529543300206
110.0,-10.0,14.923587174255632
110.0,-5.0,15.118758178118402
110.0,0.0,12.980531338857178
110.0,5.0,14.797201670482645
110.0,10.0,15.243529384300668
110.0,15.0,15.072129118100506
110.0,20.0,15.065069451369299
110.0,25.0,14.965002273130386
110.0,30.0,14.859991786732593
110.0,35.0,14.87919266662911
110.0,40.0,14.929060758596924
110.0,45.0,15.065717695148107
110.0,50.0,15.128884748281145
110.0,55.0,15.163700467110933
110.0,60.0,15.299974302666245
110.0,65.0,15.290548870312952
110.0,70.0,15.21965168947834
110.0,75.0,15.208026327841877
110.0,80.0,15.22007544382667
110.0,85.0,15.238026202292856
110.0,90.0,15.252713668975785
115.0,-90.0,15.01682091453129
115.0,-85.0,14.95407642612123
115.0,-80.0,14.953538442362072
115.0,-75.0,15.047564646372923
115.0,-70.0,15.101157319093753
115.0,-65.0,15.13384461551386
115.0,-60.0,15.260064877436822
115.0,-55.0,15.287498902475063
115.0,-50.0,15.280766223686328
115.0,-45.0,15.360549064669517
115.0,-40.0,15.397281259372528
115.0,-35.0,15.322746770122839
115.0,-30.0,15.215449125950153
115.0,-25.0,15.114485976844582
115.0,-20.0,15.073946586838268
115.0,-15.0,15.073600755806867
115.0,-10.0,15.003074446424463
115.0,-5.0,14.774962873879373
115.0,0.0,13.128067863274389
115.0,5.0,14.65869422765156
115.0,10.0,14.940863085313834
115.0,15.0,15.002954824901842
115.0,20.0,14.96938415443281
115.0,25.0,14.998060739553422
115.0,30.0,14.944315297848325
115.0,35.0,14.878803403976585
115.0,40.0,14.9673080407308
115.0,45.0,15.10385056765569
115.0,50.0,15.16454992667858
115.0,55.0,15.132161821406907
115.0,60.0,15.30657316422487
115.0,65.0,15.298374236892098
115.0,70.0,15.184251354115995
115.0,75.0,15.191133981471935
115.0,80.0,15.219060160142408
115.0,85.0,15.244826326361853
115.0,90.0,15.252713668975785
120.0,-90.0,15.01682091453129
120.0,-85.0,14.95275033597483
120.0,-80.0,14.983530365525013
120.0,-75.0,15.041607608062723
120.0,-70.0,15.10779082981813
120.0,-65.0,15.116453584212131
120.0,-60.0,15.216685599953113
120.0,-55.0,15.258745940959885
120.0,-50.0,15.344376399429642
120.0,-45.0,15.313996852228202
120.0,-40.0,15.303376615632475
120.0,-35.0,15.264440557913035
120.0,-30.0,15.173320478778537
120.0,-25.0,15.032458108716103
120.0,-20.0,15.036024400181812
120.0,-15.0,15.01958465590361
120.0,-10.0,15.011460030428745
120.0,-5.0,14.564762336660463
120.0,0.0,13.510193299509174
120.0,5.0,14.722001131722697
120.0,10.0,14.910610738813395
120.0,15.0,14.967324969806219
120.0,20.0,14.969420553556002
120.0,25.0,15.042079071295566
120.0,30.0,14.950193671767364
120.0,35.0,14.884069437077878
120.0,40.0,14.980928268617312
120.0,45.0,15.124539474455611
120.0,50.0,15.176936978276387
120.0,55.0,15.118106875064454
120.0,60.0,15.274150139399236
120.0,65.0,15.283122004504868
120.0,70.0,15.17435435260444
120.0,75.0,15.170406033268067
120.0,80.0,15.216158749517676
120.0,85.0,15.240913701506422
120.0,90.0,15.252713668975785
125.0,-90.0,15.01682091453129
125.0,-85.0,14.972314451489071
125.0,-80.0,14.995863320290514
125.0,-75.0,15.070250546003473
125.0,-70.0,15.160723434592644
125.0,-65.0,15.11442829305256
125.0,-60.0,15.202087785966475
125.0,-55.0,15.305725288219902
125.0,-50.0,15.313471066527807
125.0,-45.0,15.316363510994515
125.0,-40.0,15.22879431530116
125.0,-35.0,15.115272715744602
125.0,-30.0,14.951168804390932
125.0,-25.0,14.905905949747014
125.0,-20.0,14.974028395318983
125.0,-15.0,15.03821067656947
125.0,-10.0,14.885387077943847
125.0,-5.0,15.032988508212721
125.0,0.0,14.806684425044311
125.0,5.0,14.784684464225275
125.0,10.0,14.93470275261051
125.0,15.0,14.955784596175542
125.0,20.0,14.926430506887995
125.0,25.0,14.998555524665028
125.0,30.0,14.998049003889847
125.0,35.0,14.95398922769469
125.0,40.0,14.976962116279534
125.0,45.0,15.104375492918088
125.0,50.0,15.10600298812416
125.0,55.0,15.042874312032469
125.0,60.0,15.273801530091013
125.0,65.0,15.285398034413856
125.0,70.0,15.232215508838356
125.0,75.0,15.178983914392358
125.0,80.0,15.211806421660144
125.0,85.0,15.25400023696531
125.0,90.0,15.252713668975785
130.0,-90.0,15.01682091453129
130.0,-85.0,15.005860295098701
130.0,-80.0,15.000271320372333
130.0,-75.0,15.111627968355977
130.0,-70.0,15.150331794785862
130.0,-65.0,15.175184247317498
130.0,-60.0,15.24059764812646
130.0,-55.0,15.328969480180145
130.0,-50.0,15.315532370839811
130.0,-45.0,15.332656406097811
130.0,-40.0,15.160662678319467
130.0,-35.0,15.015661040720005
130.0,-30.0,14.91329487455369
130.0,-25.0,14.961241702446387
130.0,-20.0,14.965142586205895
130.0,-15.0,14.920374974034953
130.0,-10.0,14.891383706185817
130.0,-5.0,14.665957472827522
130.0,0.0,14.592391452884295
130.0,5.0,14.932929412528777
130.0,10.0,14.90833703209611
130.0,15.0,14.895719704648174
130.0,20.0,14.913460198902277
130.0,25.0,14.90454377314033
130.0,30.0,14.953626491422865
130.0,35.0,14.98304800028248
130.0,40.0,15.020906945271149
130.0,45.0,15.076191980405383
130.0,50.0,15.06293788104415
130.0,55.0,15.045330642716392
130.0,60.0,15.198683156625798
130.0,65.0,15.298580225531005
130.0,70.0,15.198235214297684
130.0,75.0,15.172211145136288
130.0,80.0,15.198865162571133
130.0,85.0,15.289710868101766
130.0,90.0,15.252713668975785
135.0,-90.0,15.01682091453129
135.0,-85.0,15.0108321247706
135.0,-80.0,15.033931954852251
135.0,-75.0,15.139404425098858
135.0,-70.0,15.174824610223684
135.0,-65.0,15.201466434472426
135.0,-60.0,15.217335286476908
135.0,-55.0,15.384261731481256
135.0,-50.0,15.351056666705981
135.0,-45.0,15.316611781424523
135.0,-40.0,15.1386965590805
135.0,-35.0,14.892724388101616
135.0,-30.0,14.861438326991644
135.0,-25.0,14.879600880469175
135.0,-20.0,14.855454505263777
135.0,-15.0,14.858700701700366
135.0,-10.0,14.820642038992519
135.0,-5.0,14.37225277079822
135.0,0.0,14.937806050097404
135.0,5.0,15.18576507995285
135.0,10.0,14.80358868562012
135.0,15.0,14.855839439056046
135.0,20.0,14.891696775326636
135.0,25.0,14.892872237663166
135.0,30.0,14.930182345212128
135.0,35.0,14.998528384767088
135.0,40.0,15.032564618519574
135.0,45.0,15.089269902159483
135.0,50.0,15.05299550315889
135.0,55.0,15.05766592319892
135.0,60.0,15.164816864746687
135.0,65.0,15.269515662397076
135.0,70.0,15.200240360496144
135.0,75.0,15.17977409916671
135.0,80.0,15.204875191362069
135.0,85.0,15.276699196866222
135.0,90.0,15.252713668975785
140.0,-90.0,15.01682091453129
140.0,-85.0,15.012267632958734
140.0,-80.0,15.030959362523578
140.0,-75.0,15.146291123319934
140.0,-70.0,15.177038258380646
140.0,-65.0,15.212527867881432
140.0,-60.0,15.23006203693429
140.0,-55.0,15.414085046246125
140.0,-50.0,15.401571563926668
140.0,-45.0,15.281598283653556
140.0,-40.0,15.013804528821387
140.0,-35.0,14.858278253322354
140.0,-30.0,14.861465935979933
140.0,-25.0,14.810697033415169
140.0,-20.0,14.759825531318038
140.0,-15.0,14.789007350780157
140.0,-10.0,14.813889912492673
140.0,-5.0,14.73878010232355
140.0,0.0,14.965738542912996
140.0,5.0,15.264876894410932
140.0,10.0,14.901582295081342
140.0,15.0,14.80025172334716
140.0,20.0,14.826194496641532
140.0,25.0,14.886087935467604
140.0,30.0,14.909521691748465
140.0,35.0,14.977398228940672
140.0,40.0,14.99130206254959
140.0,45.0,15.039691094983533
140.0,50.0,15.073788909628638
140.0,55.0,15.021103183619184
140.0,60.0,15.318332226872542
140.0,65.0,15.284433695127682
140.0,70.0,15.240666334354081
140.0,75.0,15.192954479929519
140.0,80.0,15.211136074324004
140.0,85.0,15.271247485597323
140.0,90.0,15.252713668975785
145.0,-90.0,15.01682091453129
145.0,-85.0,15.022457094980163
145.0,-80.0,15.053782880404874
145.0,-75.0,15.139204714480305
145.0,-70.0,15.178547596257232
145.0,-65.0,15.20831329824884
145.0,-60.0,15.314101015528593
145.0,-55.0,15.400426721333016
145.0,-50.0,15.373463261669679
145.0,-45.0,15.166510370103381
145.0,-40.0,14.955936366384073
145.0,-35.0,14.877899693762517
145.0,-30.0,14.841021573883355
145.0,-25.0,14.791654865884908
145.0,-20.0,14.728980639615365
145.0,-15.0,14.667508327707095
145.0,-10.0,14.834342385260099
145.0,-5.0,14.421522338504555
145.0,0.0,14.09121986848621
145.0,5.0,15.028113974882174
145.0,10.0,14.8183496997172
145.0,15.0,14.850338430159063
145.0,20.0,14.82749652746592
145.0,25.0,14.829556302970637
145.0,30.0,14.913066339965233
145.0,35.0,14.951019256908818
145.0,40.0,14.966840250210687
145.0,45.0,15.020040371973595
145.0,50.0,15.002061158210127
145.0,55.0,14.980001621454974
145.0,60.0,15.241018961638938
145.0,65.0,15.291273985249621
145.0,70.0,15.256103389221293
145.0,75.0,15.215311471732706
145.0,80.0,15.246380832713795
145.0,85.0,15.282067023447985
145.0,90.0,15.252713668975785
150.0,-90.0,15.01682091453129
150.0,-85.0,15.028861960266635
150.0,-80.0,15.058216348821231
150.0,-75.0,15.14314475015415
150.0,-70.0,15.147517512820942
150.0,-65.0,15.204508002260322
150.0,-60.0,15.334579493975218
150.0,-55.0,15.489739885828676
150.0,-50.0,15.37858017692502
150.0,-45.0,15.131590662552771
150.0,-40.0,14.95123875523216
150.0,-35.0,14.899119791569087
150.0,-30.0,14.896964042287317
150.0,-25.0,14.805272891839506
150.0,-20.0,14.707905648481741
150.0,-15.0,14.599620847200738
150.0,-10.0,14.581004377274839
150.0,-5.0,13.830820775777767
150.0,0.0,13.3608383965685
150.0,5.0,14.497768500456086
150.0,10.0,14.915423028896065
150.0,15.0,14.94580882994197
150.0,20.0,14.761821075019954
150.0,25.0,14.787931497097592
150.0,30.0,14.893126929946897
150.0,35.0,14.95369702831829
150.0,40.0,14.982619701383378
150.0,45.0,15.020718249033788
150.0,50.0,15.018466236209136
150.0,55.0,15.05441697160263
150.0,60.0,15.179896515797985
150.0,65.0,15.268832520647237
150.0,70.0,15.252184748388911
150.0,75.0,15.23203236119745
150.0,80.0,15.27259693252521
150.0,85.0,15.285295061669155
150.0,90.0,15.252713668975785
155.0,-90.0,15.01682091453129
155.0,-85.0,15.030690594023536
155.0,-80.0,15.089056237272661
155.0,-75.0,15.132100482434927
155.0,-70.0,15.12662990047987
155.0,-65.0,15.178242540678612
155.0,-60.0,15.379363756320139
155.0,-55.0,15.57175677164263
155.0,-50.0,15.373224147372678
155.0,-45.0,15.128325013756895
155.0,-40.0,14.95928425282368
155.0,-35.0,14.88681476694813
155.0,-30.0,14.91127654090074
155.0,-25.0,14.823397136026607
155.0,-20.0,14.616129022777152
155.0,-15.0,14.693378674113411
155.0,-10.0,14.402145074084842
155.0,-5.0,13.134297283583962
155.0,0.0,13.764316217551938
155.0,5.0,14.495518837823974
155.0,10.0,15.080393908207412
155.0,15.0,15.025925546545665
155.0,20.0,14.804094315989069
155.0,25.0,14.800544910718274
155.0,30.0,14.897341245935989
155.0,35.0,14.96694552086114
155.0,40.0,14.976970429325851
155.0,45.0,15.013445725968717
155.0,50.0,15.047333085951276
155.0,55.0,15.060287603497903
155.0,60.0,15.144597675428288
155.0,65.0,15.293119411093533
155.0,70.0,15.242022235373746
155.0,75.0,15.263855895327806
155.0,80.0,15.289472183065156
155.0,85.0,15.312687631770661
155.0,90.0,15.252713668975785
160.0,-90.0,15.01682091453129
160.0,-85.0,15.034403354893575
160.0,-80.0,15.11880018006948
160.0,-75.0,15.115470489480353
160.0,-70.0,15.119482054491844
160.0,-65.0,15.209216797111191
160.0,-60.0,15.399133796870697
160.0,-55.0,15.524960335682168
160.0,-50.0,15.394724276406038
160.0,-45.0,15.154325604434401
160.0,-40.0,14.976003644441022
160.0,-35.0,14.885483323314554
160.0,-30.0,14.892505327877629
160.0,-25.0,14.780446384942685
160.0,-20.0,14.640029781902616
160.0,-15.0,14.629279889344522
160.0,-10.0,14.52326840886686
160.0,-5.0,13.532459050202442
160.0,0.0,13.737977864056937
160.0,5.0,14.630145603234334
160.0,10.0,15.123932155194337
160.0,15.0,15.096606091931696
160.0,20.0,15.045041670157437
160.0,25.0,14.891371468371544
160.0,30.0,14.893768361622055
160.0,35.0,14.960955001681482
160.0,40.0,15.024869440622567
160.0,45.0,15.021927226966426
160.0,50.0,15.063460273283281
160.0,55.0,15.07093501002654
160.0,60.0,15.131160202773884
160.0,65.0,15.30216740024739
160.0,70.0,15.262442928115512
160.0,75.0,15.293331251029969
160.0,80.0,15.287613048304868
160.0,85.0,15.300439153323063
160.0,90.0,15.252713668975785
165.0,-90.0,15.01682091453129
165.0,-85.0,15.054078725815485
165.0,-80.0,15.147009083481487
165.0,-75.0,15.117841681025064
165.0,-70.0,15.13237215361686
165.0,-65.0,15.217266414941971
165.0,-60.0,15.426168831395275
165.0,-55.0,15.516351439157921
165.0,-50.0,15.40636847790832
165.0,-45.0,15.216556404199492
165.0,-40.0,14.989637913782863
165.0,-35.0,14.879211841100032
165.0,-30.0,14.89546908188547
165.0,-25.0,14.805046066456265
165.0,-20.0,14.625617288585877
165.0,-15.0,14.696799750285383
165.0,-10.0,14.738744371533706
165.0,-5.0,14.689616930134468
165.0,0.0,13.89969171574588
165.0,5.0,14.786309208368953
165.0,10.0,15.016521774799479
165.0,15.0,15.049708575484507
165.0,20.0,15.084092442673217
165.0,25.0,15.0284270466707
165.0,30.0,14.92373544802042
165.0,35.0,14.978915336056087
165.0,40.0,15.030276874740292
165.0,45.0,15.041631949040454
165.0,50.0,15.11080021871354
165.0,55.0,15.080135190525121
165.0,60.0,15.16373577651605
165.0,65.0,15.273361963319168
165.0,70.0,15.290938333195664
165.0,75.0,15.300233599843597
165.0,80.0,15.31303238699345
165.0,85.0,15.316774130258828
165.0,90.0,15.252713668975785
170.0,-90.0,15.01682091453129
170.0,-85.0,15.055457998869128
170.0,-80.0,15.146831697896317
170.0,-75.0,15.135372073629817
170.0,-70.0,15.144100210061492
170.0,-65.0,15.240386958125118
170.0,-60.0,15.40020905272275
170.0,-55.0,15.488084832839458
170.0,-50.0,15.453763501457116
170.0,-45.0,15.325787734370467
170.0,-40.0,15.013540380504068
170.0,-35.0,14.870645768985684
170.0,-30.0,14.879728288196967
170.0,-25.0,14.774667616748673
170.0,-20.0,14.596831958490675
170.0,-15.0,14.742147677615474
170.0,-10.0,14.80587266246886
170.0,-5.0,14.137272866968766
170.0,0.0,14.082746142499335
170.0,5.0,14.30035832014057
170.0,10.0,14.84385171595464
170.0,15.0,14.936850014045262
170.0,20.0,14.970979334220026
170.0,25.0,14.975500422146284
170.0,30.0,14.955193433357419
170.0,35.0,14.927650847319105
170.0,40.0,15.08239261022254
170.0,45.0,15.092942771358937
170.0,50.0,15.042373035845836
170.0,55.0,15.028584573176163
170.0,60.0,15.185126158746396
170.0,65.0,15.276188831456247
170.0,70.0,15.275194148419406
170.0,75.0,15.306269352073077
170.0,80.0,15.319127148665203
170.0,85.0,15.321063839125774
170.0,90.0,15.252713668975785
175.0,-90.0,15.01682091453129
175.0,-85.0,15.08229492363059
175.0,-80.0,15.147403368646076
175.0,-75.0,15.138837408103644
175.0,-70.0,15.138425785272403
175.0,-65.0,15.215173739433125
175.0,-60.0,15.329870373942091
175.0,-55.0,15.435352832629173
175.0,-50.0,15.446577225549763
175.0,-45.0,15.35780192231568
175.0,-40.0,15.11880874538716
175.0,-35.0,14.841675246694418
175.0,-30.0,14.808404480447193
175.0,-25.0,14.683107425978745
175.0,-20.0,14.502810808175312
175.0,-15.0,14.751849287616094
175.0,-10.0,14.838803455110135
175.0,-5.0,14.13449850484363
175.0,0.0,14.104797096455725
175.0,5.0,14.307848884995625
175.0,10.0,14.875381722253143
175.0,15.0,14.891851406571265
175.0,20.0,14.89655950675547
175.0,25.0,14.921322803457137
175.0,30.0,14.933433153912683
175.0,35.0,14.96994923318162
175.0,40.0,15.06218443789967
175.0,45.0,15.072430916058982
175.0,50.0,15.060362527553877
175.0,55.0,15.074624914858614
175.0,60.0,15.207406386737112
175.0,65.0,15.258352753263601
175.0,70.0,15.237819897202018
175.0,75.0,15.29790565892355
175.0,80.0,15.34131096227314
175.0,85.0,15.319033750426138
175.0,90.0,15.252713668975785
180.0,-90.0,15.01682091453129
180.0,-85.0,15.082451466994817
180.0,-80.0,15.131243214663295
180.0,-75.0,15.133998294740504
180.0,-70.0,15.15145805474188
180.0,-65.0,15.210301981514808
180.0,-60.0,15.282186435130555
180.0,-55.0,15.382702552258351
180.0,-50.0,15.420734732509207
180.0,-45.0,15.318737325775984
180.0,-40.0,15.130927560372225
180.0,-35.0,14.838224338752468
180.0,-30.0,14.747894542679086
180.0,-25.0,14.58207286755894
180.0,-20.0,14.523803021127666
180.0,-15.0,14.759331312810454
180.0,-10.0,14.795740590350631
180.0,-5.0,14.179244601565292
180.0,0.0,14.122733538823912
180.0,5.0,14.369621049456008
180.0,10.0,14.923208178733738
180.0,15.0,14.833321497092768
180.0,20.0,14.813859867389912
180.0,25.0,14.8328375817506
180.0,30.0,14.885531513930975
180.0,35.0,14.931541360963248
180.0,40.0,14.938883826712276
180.0,45.0,15.00661433777229
180.0,50.0,15.013283969156065
180.0,55.0,15.054387588852746
180.0,60.0,15.214953176362819
180.0,65.0,15.248595732933367
180.0,70.0,15.23370541479989
180.0,75.0,15.27022426315172
180.0,80.0,15.342879448081584
180.0,85.0,15.313231225150801
180.0,90.0,15.252713668975785
185.0,-90.0,15.01682091453129
185.0,-85.0,15.08993292890347
185.0,-80.0,15.13057880963358
185.0,-75.0,15.141881450358314
185.0,-70.0,15.169684694513666
185.0,-65.0,15.16704620775355
185.0,-60.0,15.271009911696822
185.0,-55.0,15.309618490508964
185.0,-50.0,15.349805153378167
185.0,-45.0,15.34493199966107
185.0,-40.0,15.125364368841511
185.0,-35.0,14.872823713357912
185.0,-30.0,14.76629263743256
185.0,-25.0,14.665848446643318
185.0,-20.0,14.725422779451272
185.0,-15.0,14.77284893513105
185.0,-10.0,14.854186373910654
185.0,-5.0,14.074109684753433
185.0,0.0,14.055079996899204
185.0,5.0,14.42472627655813
185.0,10.0,14.84870522579492
185.0,15.0,14.917420365325064
185.0,20.0,14.80847107393502
185.0,25.0,14.773438709942564
185.0,30.0,14.875172402488992
185.0,35.0,14.865924457849845
185.0,40.0,14.899397723118785
185.0,45.0,14.941031178815155
185.0,50.0,14.992128641512407
185.0,55.0,15.082490200203086
185.0,60.0,15.200045758339739
185.0,65.0,15.228878032051508
185.0,70.0,15.231108192339317
185.0,75.0,15.269712879094307
185.0,80.0,15.345858435947452
185.0,85.0,15.30889535391019
185.0,90.0,15.252713668975785
190.0,-90.0,15.01682091453129
190.0,-85.0,15.049761300012884
190.0,-80.0,15.111558289407629
190.0,-75.0,15.137896192905227
190.0,-70.0,15.169436767735814
190.0,-65.0,15.132672093280135
190.0,-60.0,15.222436035990695
190.0,-55.0,15.2865421954158
190.0,-50.0,15.355143821385804
190.0,-45.0,15.325154738263244
190.0,-40.0,15.173642295465578
190.0,-35.0,14.953004489049126
190.0,-30.0,14.841559570517315
190.0,-25.0,14.840875979683348
190.0,-20.0,14.849505905151648
190.0,-15.0,14.778079034042886
190.0,-10.0,14.858448853444546
190.0,-5.0,14.086835340473755
190.0,0.0,14.081186442057609
190.0,5.0,14.501101646446427
190.0,10.0,14.893740360672961
190.0,15.0,14.917846606069338
190.0,20.0,14.999854233241525
190.0,25.0,14.92408844501672
190.0,30.0,14.879483104178183
190.0,35.0,14.945366906713694
190.0,40.0,14.963244074645154
190.0,45.0,15.01555828795784
190.0,50.0,15.031388402334805
190.0,55.0,15.08265677675216
190.0,60.0,15.1819861275121
190.0,65.0,15.244942273347341
190.0,70.0,15.229372524203166
190.0,75.0,15.284663212447471
190.0,80.0,15.337624173850378
190.0,85.0,15.292585784744935
190.0,90.0,15.252713668975785
195.0,-90.0,15.01682091453129
195.0,-85.0,15.047483678902447
195.0,-80.0,15.095692949977302
195.0,-75.0,15.124629864332967
195.0,-70.0,15.153306806089018
195.0,-65.0,15.15828366521672
195.0,-60.0,15.22667854133232
195.0,-55.0,15.281042377180464
195.0,-50.0,15.344002445473379
195.0,-45.0,15.302244384255427
195.0,-40.0,15.186301899075582
195.0,-35.0,14.936472150764235
195.0,-30.0,14.886151458358295
195.0,-25.0,14.942565440699449
195.0,-20.0,14.8761941478752
195.0,-15.0,14.826177801377925
195.0,-10.0,14.8755838044316
195.0,-5.0,14.070324964894276
195.0,0.0,14.217502211274951
195.0,5.0,14.560678018546307
195.0,10.0,14.900773573632616
195.0,15.0,14.930916069487214
195.0,20.0,14.971987043697789
195.0,25.0,14.981918324007921
195.0,30.0,14.969477518734964
195.0,35.0,14.981756227915316
195.0,40.0,14.978779430579182
195.0,45.0,15.018034229208078
195.0,50.0,15.045488388754286
195.0,55.0,15.088762542216275
195.0,60.0,15.152306695704494
195.0,65.0,15.221292986959229
195.0,70.0,15.226401240620296
195.0,75.0,15.279109784971888
195.0,80.0,15.33157056107531
195.0,85.0,15.275125782444826
195.0,90.0,15.252713668975785
200.0,-90.0,15.01682091453129
200.0,-85.0,15.050628329091156
200.0,-80.0,15.089661224943463
200.0,-75.0,15.118669114167133
200.0,-70.0,15.098211658254016
200.0,-65.0,15.111235962725214
200.0,-60.0,15.233332691955942
200.0,-55.0,15.333980982739487
200.0,-50.0,15.324152389779776
200.0,-45.0,15.27145401603205
200.0,-40.0,15.12756540405043
200.0,-35.0,14.942974876467936
200.0,-30.0,14.925244015256744
200.0,-25.0,14.967169024829692
200.0,-20.0,14.895909142523792
200.0,-15.0,14.897046671024041
200.0,-10.0,14.840456309596659
200.0,-5.0,14.256240044830937
200.0,0.0,14.23303056899629
200.0,5.0,14.744145478295724
200.0,10.0,15.002733951954378
200.0,15.0,14.948745918359586
200.0,20.0,15.018460560637578
200.0,25.0,15.049602524764541
200.0,30.0,15.082056360486401
200.0,35.0,15.015672219847394
200.0,40.0,15.0403066041064
200.0,45.0,15.019427513277625
200.0,50.0,15.00879771242255
200.0,55.0,15.122191134443606
200.0,60.0,15.156379587913378
200.0,65.0,15.176454489414686
200.0,70.0,15.218506943734425
200.0,75.0,15.28797014424215
200.0,80.0,15.315774949591189
200.0,85.0,15.273253021441208
200.0,90.0,15.252713668975785
205.0,-90.0,15.01682091453129
205.0,-85.0,15.047721868941425
205.0,-80.0,15.077515415952414
205.0,-75.0,15.08840990494088
205.0,-70.0,15.052653640821973
205.0,-65.0,15.092152158972919
205.0,-60.0,15.227389844901285
205.0,-55.0,15.320528764948273
205.0,-50.0,15.315343717899149
205.0,-45.0,15.221133317707844
205.0,-40.0,15.036236223309158
205.0,-35.0,14.944575565537203
205.0,-30.0,14.914477837838541
205.0,-25.0,15.009717137774748
205.0,-20.0,14.955887093267549
205.0,-15.0,14.96517846984417
205.0,-10.0,14.888955854332787
205.0,-5.0,14.289210742725665
205.0,0.0,14.70491606876833
205.0,5.0,14.769210875023317
205.0,10.0,15.050207759797157
205.0,15.0,15.040884794840364
205.0,20.0,15.087220112137588
205.0,25.0,15.045633429303177
205.0,30.0,15.116418497355156
205.0,35.0,15.069143402644585
205.0,40.0,15.031929910425562
205.0,45.0,14.966560259478076
205.0,50.0,15.05192738815406
205.0,55.0,15.12933848628873
205.0,60.0,15.158805425872082
205.0,65.0,15.144496535494161
205.0,70.0,15.228219072401332
205.0,75.0,15.287807834244946
205.0,80.0,15.317079072551898
205.0,85.0,15.283470671363734
205.0,90.0,15.252713668975785
210.0,-90.0,15.01682091453129
210.0,-85.0,15.050025531683001
210.0,-80.0,15.069338591508728
210.0,-75.0,15.064315406712494
210.0,-70.0,15.040490866967406
210.0,-65.0,15.091783779568962
210.0,-60.0,15.159075427264247
210.0,-55.0,15.306607011175604
210.0,-50.0,15.314538532170621
210.0,-45.0,15.183693412704192
210.0,-40.0,14.977034587868182
210.0,-35.0,14.935075150725543
210.0,-30.0,14.945127563843004
210.0,-25.0,15.06183754826749
210.0,-20.0,15.025664272709662
210.0,-15.0,14.97663213283466
210.0,-10.0,14.935039267255616
210.0,-5.0,14.700679870652536
210.0,0.0,14.75684161546904
210.0,5.0,14.903468606994995
210.0,10.0,15.07783822286983
210.0,15.0,14.999001063354262
210.0,20.0,15.06250265231018
210.0,25.0,15.127669165856632
210.0,30.0,15.109620922620099
210.0,35.0,15.096539799521377
210.0,40.0,15.020648376346216
210.0,45.0,14.952373233648485
210.0,50.0,15.028426712080536
210.0,55.0,15.11024316103264
210.0,60.0,15.166016026828828
210.0,65.0,15.154410276158872
210.0,70.0,15.241386258227582
210.0,75.0,15.280732941053948
210.0,80.0,15.31179383621685
210.0,85.0,15.279392787525353
210.0,90.0,15.252713668975785
215.0,-90.0,15.01682091453129
215.0,-85.0,15.039757642530914
215.0,-80.0,15.041102368742779
215.0,-75.0,15.035525778861858
215.0,-70.0,14.962168949263805
215.0,-65.0,14.976906113280682
215.0,-60.0,15.109945978976933
215.0,-55.0,15.250822698261109
215.0,-50.0,15.280100039513306
215.0,-45.0,15.169645994560923
215.0,-40.0,15.024010464028802
215.0,-35.0,14.95181823168016
215.0,-30.0,15.014785091518583
215.0,-25.0,15.08999884655696
215.0,-20.0,15.028016702774776
215.0,-15.0,14.946177683836629
215.0,-10.0,14.947310465001244
215.0,-5.0,14.718562804738553
215.0,0.0,14.706164947252448
215.0,5.0,14.971691543977897
215.0,10.0,15.197360235973095
215.0,15.0,15.118970915473971
215.0,20.0,15.145330598488242
215.0,25.0,15.096586284953558
215.0,30.0,15.103535015973776
215.0,35.0,15.053259125473529
215.0,40.0,14.976695937479786
215.0,45.0,14.93795991956597
215.0,50.0,14.999483373468136
215.0,55.0,15.088513446506145
215.0,60.0,15.204476581166357
215.0,65.0,15.188133261553023
215.0,70.0,15.26623670332926
215.0,75.0,15.281304171592422
215.0,80.0,15.311459397012591
215.0,85.0,15.281943428583864
215.0,90.0,15.252713668975785
220.0,-90.0,15.01682091453129
220.0,-85.0,15.038304371535554
220.0,-80.0,15.04983470585068
220.0,-75.0,14.997993269805818
220.0,-70.0,14.967688228078957
220.0,-65.0,14.94721381158259
220.0,-60.0,15.059499350253924
220.0,-55.0,15.1581887360531
220.0,-50.0,15.23289240181716
220.0,-45.0,15.187267454566715
220.0,-40.0,15.068534602591718
220.0,-35.0,15.04788289924561
220.0,-30.0,14.991934157613686
220.0,-25.0,15.037552973798665
220.0,-20.0,15.069406199781891
220.0,-15.0,15.060596553520252
220.0,-10.0,15.011083516604298
220.0,-5.0,14.732084215923946
220.0,0.0,14.674069355327164
220.0,5.0,15.008733502836334
220.0,10.0,15.14594809250693
220.0,15.0,15.17642595167921
220.0,20.0,15.16275285080827
220.0,25.0,15.13302638411034
220.0,30.0,15.059001209099533
220.0,35.0,15.030089682296861
220.0,40.0,14.998796312084044
220.0,45.0,14.940836791244594
220.0,50.0,14.997379477249936
220.0,55.0,15.095318864662815
220.0,60.0,15.205662940490086
220.0,65.0,15.197493352876116
220.0,70.0,15.28222074137261
220.0,75.0,15.319274951532519
220.0,80.0,15.300871009907246
220.0,85.0,15.250455286515148
220.0,90.0,15.252713668975785
225.0,-90.0,15.01682091453129
225.0,-85.0,15.038318433574736
225.0,-80.0,15.032253676704848
225.0,-75.0,15.033960460782849
225.0,-70.0,14.988489017205298
225.0,-65.0,14.928604422627402
225.0,-60.0,15.027706228267338
225.0,-55.0,15.070492478888651
225.0,-50.0,15.14992350887955
225.0,-45.0,15.191754871317338
225.0,-40.0,15.14157176517412
225.0,-35.0,15.028131344227294
225.0,-30.0,15.015790398293094
225.0,-25.0,15.037982171316546
225.0,-20.0,15.017885154485809
225.0,-15.0,14.992567741118622
225.0,-10.0,15.01386471993244
225.0,-5.0,14.643495217804613
225.0,0.0,14.650735438805444
225.0,5.0,14.852693517672785
225.0,10.0,15.164061382857682
225.0,15.0,15.200551276014597
225.0,20.0,15.132878827478143
225.0,25.0,15.09897755093355
225.0,30.0,15.116534650716092
225.0,35.0,15.0481051512866
225.0,40.0,14.960866316599638
225.0,45.0,14.911047997282441
225.0,50.0,15.00399938330486
225.0,55.0,15.138178022672626
225.0,60.0,15.193445449113849
225.0,65.0,15.249442855639082
225.0,70.0,15.294027482955716
225.0,75.0,15.331069000056655
225.0,80.0,15.308514709109826
225.0,85.0,15.248957929914704
225.0,90.0,15.252713668975785
230.0,-90.0,15.01682091453129
230.0,-85.0,15.050671546817554
230.0,-80.0,15.053095167642306
230.0,-75.0,15.053836537398446
230.0,-70.0,14.98253784909215
230.0,-65.0,14.923621038068239
230.0,-60.0,14.944696844401953
230.0,-55.0,15.007349218631775
230.0,-50.0,15.086322585599664
230.0,-45.0,15.080349667736192
230.0,-40.0,15.080659688903232
230.0,-35.0,14.993452799863611
230.0,-30.0,15.004131951959664
230.0,-25.0,14.9868189330907
230.0,-20.0,15.022363194342113
230.0,-15.0,15.179414071719064
230.0,-10.0,15.106998157638253
230.0,-5.0,14.502302743489684
230.0,0.0,14.569166439990626
230.0,5.0,14.724672361817966
230.0,10.0,15.131896923507428
230.0,15.0,15.214236746905017
230.0,20.0,15.1672222711564
230.0,25.0,15.161534342727622
230.0,30.0,15.138126588437016
230.0,35.0,15.047944614032769
230.0,40.0,14.996474465278089
230.0,45.0,14.932403353245261
230.0,50.0,15.051272932336039
230.0,55.0,15.178387171882923
230.0,60.0,15.217772761342827
230.0,65.0,15.268881814308486
230.0,70.0,15.308943224372674
230.0,75.0,15.324507665747843
230.0,80.0,15.308365384908031
230.0,85.0,15.241616057206874
230.0,90.0,15.252713668975785
235.0,-90.0,15.01682091453129
235.0,-85.0,15.060831110611174
235.0,-80.0,15.069182575132677
235.0,-75.0,15.07447418083119
235.0,-70.0,14.951772063492701
235.0,-65.0,14.976387776070545
235.0,-60.0,14.90142631573197
235.0,-55.0,14.9175583501329
235.0,-50.0,15.037786925594364
235.0,-45.0,14.926517325190465
235.0,-40.0,15.02801928154719
235.0,-35.0,15.083667050368566
235.0,-30.0,14.982391375760747
235.0,-25.0,14.930808662630481
235.0,-20.0,14.96417214761917
235.0,-15.0,15.174573796933547
235.0,-10.0,14.987793344134962
235.0,-5.0,14.327417899687406
235.0,0.0,14.591309920505777
235.0,5.0,14.554288897523486
235.0,10.0,14.941025007343333
235.0,15.0,15.110491471599552
235.0,20.0,15.169928814279906
235.0,25.0,15.15870846760226
235.0,30.0,15.150632806930396
235.0,35.0,15.036702382294791
235.0,40.0,15.016824268449668
235.0,45.0,15.018569013331952
235.0,50.0,15.093026689881043
235.0,55.0,15.205092343833043
235.0,60.0,15.231123215565642
235.0,65.0,15.275204874436005
235.0,70.0,15.306314912171635
235.0,75.0,15.328181437855344
235.0,80.0,15.287516599091864
235.0,85.0,15.240710518402084
235.0,90.0,15.252713668975785
240.0,-90.0,15.01682091453129
240.0,-85.0,15.073027195754488
240.0,-80.0,15.083464734940778
240.0,-75.0,15.041229467764433
240.0,-70.0,14.947856159312098
240.0,-65.0,14.881131960561731
240.0,-60.0,14.822995037547464
240.0,-55.0,14.95304588512038
240.0,-50.0,14.98025695726883
240.0,-45.0,14.877936815382805
240.0,-40.0,14.959344473798259
240.0,-35.0,15.024141931246168
240.0,-30.0,14.931235258255619
240.0,-25.0,14.91893685339515
240.0,-20.0,14.992286299265015
240.0,-15.0,15.137485244974478
240.0,-10.0,15.077750372602768
240.0,-5.0,13.814504512780353
240.0,0.0,13.83805876353634
240.0,5.0,14.553782918295637
240.0,10.0,14.936510796713542
240.0,15.0,15.117869362602795
240.0,20.0,15.079328808724918
240.0,25.0,15.169626039557192
240.0,30.0,15.109467834417925
240.0,35.0,15.023129677524372
240.0,40.0,15.07444082913023
240.0,45.0,15.083744602229176
240.0,50.0,15.125192711732682
240.0,55.0,15.257995757294648
240.0,60.0,15.277232314879802
240.0,65.0,15.323688713359955
240.0,70.0,15.336301178267853
240.0,75.0,15.326090424852381
240.0,80.0,15.286462854070612
240.0,85.0,15.245011431756726
240.0,90.0,15.252713668975785
245.0,-90.0,15.01682091453129
245.0,-85.0,15.049304244290473
245.0,-80.0,15.126472071497956
245.0,-75.0,15.064158375152276
245.0,-70.0,15.01870222763431
245.0,-65.0,14.878025355521403
245.0,-60.0,14.861709278292528
245.0,-55.0,14.95529477561185
245.0,-50.0,14.93352919312523
245.0,-45.0,14.951948103540207
245.0,-40.0,14.935745699680853
245.0,-35.0,14.946433534374385
245.0,-30.0,14.905115911260141
245.0,-25.0,14.881435193079867
245.0,-20.0,14.919794347843158
245.0,-15.0,14.99442521391807
245.0,-10.0,15.103097734007024
245.0,-5.0,13.59319925544145
245.0,0.0,13.938493272300926
245.0,5.0,14.267303239247349
245.0,10.0,14.910120523178255
245.0,15.0,15.10196841739059
245.0,20.0,15.088883327504165
245.0,25.0,15.15348241081736
245.0,30.0,15.070377094018877
245.0,35.0,15.0296908374187
245.0,40.0,15.104229224830117
245.0,45.0,15.170816156611773
245.0,50.0,15.237152011213071
245.0,55.0,15.327520902027803
245.0,60.0,15.345221625352792
245.0,65.0,15.322442988435466
245.0,70.0,15.328884098598724
245.0,75.0,15.306364013408059
245.0,80.0,15.27027609699164
245.0,85.0,15.25135430950712
245.0,90.0,15.252713668975785
250.0,-90.0,15.01682091453129
250.0,-85.0,15.057896552381099
250.0,-80.0,15.153348037359113
250.0,-75.0,15.08158080045935
250.0,-70.0,15.099263037210568
250.0,-65.0,15.109492882408297
250.0,-60.0,14.808667883823565
250.0,-55.0,14.904665491380909
250.0,-50.0,14.84975886556481
250.0,-45.0,14.890063251292494
250.0,-40.0,14.914792987764313
250.0,-35.0,14.850975676627948
250.0,-30.0,14.888146839161683
250.0,-25.0,14.821275531502215
250.0,-20.0,14.719112788319563
250.0,-15.0,15.125071924302464
250.0,-10.0,15.10940541987298
250.0,-5.0,14.343233181632007
250.0,0.0,14.253093680165687
250.0,5.0,14.40921313548455
250.0,10.0,15.004792380113855
250.0,15.0,15.137462070049603
250.0,20.0,15.16938365987997
250.0,25.0,15.178565911297527
250.0,30.0,15.075004013249332
250.0,35.0,15.027125828038026
250.0,40.0,15.177584834016576
250.0,45.0,15.362406341336305
250.0,50.0,15.362636307421418
250.0,55.0,15.38454795199336
250.0,60.0,15.383424110844844
250.0,65.0,15.360906300214296
250.0,70.0,15.312110445424528
250.0,75.0,15.299030676233173
250.0,80.0,15.26072584543245
250.0,85.0,15.232263294654553
250.0,90.0,15.252713668975785
255.0,-90.0,15.01682091453129
255.0,-85.0,15.062413907306315
255.0,-80.0,15.147383190581301
255.0,-75.0,15.165671647191973
255.0,-70.0,15.136481295754475
255.0,-65.0,15.058276449881882
255.0,-60.0,14.81198459790363
255.0,-55.0,14.877630408136218
255.0,-50.0,14.81129734276571
255.0,-45.0,14.773457674532454
255.0,-40.0,14.77101679093443
255.0,-35.0,14.808064861715108
255.0,-30.0,14.842338111985447
255.0,-25.0,14.899274072879704
255.0,-20.0,14.878640406259471
255.0,-15.0,15.009565580129042
255.0,-10.0,15.295997858000058
255.0,-5.0,14.685124415819425
255.0,0.0,14.985554832842032
255.0,5.0,14.370366559381369
255.0,10.0,14.88481490560244
255.0,15.0,15.108377489655439
255.0,20.0,15.201438690978218
255.0,25.0,15.195057830784576
255.0,30.0,15.115512616485626
255.0,35.0,15.178329197506173
255.0,40.0,15.396738873897906
255.0,45.0,15.487228834422933
255.0,50.0,15.485790101620951
255.0,55.0,15.45356710692185
255.0,60.0,15.405674667979474
255.0,65.0,15.36329322159862
255.0,70.0,15.323594682004277
255.0,75.0,15.287893604124543
255.0,80.0,15.25679060822009
255.0,85.0,15.219869108417486
255.0,90.0,15.252713668975785
260.0,-90.0,15.01682091453129
260.0,-85.0,15.02514713622856
260.0,-80.0,15.162545958333347
260.0,-75.0,15.194093025867586
260.0,-70.0,15.146006543043935
260.0,-65.0,15.00752764035089
260.0,-60.0,14.961500058392273
260.0,-55.0,14.886955904942322
260.0,-50.0,14.83022090221956
260.0,-45.0,14.660434160176168
260.0,-40.0,14.656746524685802
260.0,-35.0,14.752851403276726
260.0,-30.0,14.80795437269199
260.0,-25.0,14.930316268973765
260.0,-20.0,14.955377877944272
260.0,-15.0,15.004597586788591
260.0,-10.0,15.278685825614982
260.0,-5.0,14.992944730056765
260.0,0.0,13.182258491671499
260.0,5.0,14.25453227854869
260.0,10.0,14.891824245936482
260.0,15.0,15.224151864948698
260.0,20.0,15.307440233277141
260.0,25.0,15.183726822089314
260.0,30.0,15.142343139452649
260.0,35.0,15.241079356469056
260.0,40.0,15.475233140277057
260.0,45.0,15.602562941093073
260.0,50.0,15.571304433861368
260.0,55.0,15.471781484031363
260.0,60.0,15.404554196570638
260.0,65.0,15.342032348952122
260.0,70.0,15.280015039358503
260.0,75.0,15.254091099353287
260.0,80.0,15.247407160011745
260.0,85.0,15.186616414869665
260.0,90.0,15.252713668975785
265.0,-90.0,15.01682091453129
265.0,-85.0,15.030318955430333
265.0,-80.0,15.147844606457944
265.0,-75.0,15.202959644846974
265.0,-70.0,15.193141966372442
265.0,-65.0,15.097497810143475
265.0,-60.0,15.11340438789441
265.0,-55.0,14.993713241618842
265.0,-50.0,14.977271969299276
265.0,-45.0,14.778898782221376
265.0,-40.0,14.712648105320426
265.0,-35.0,14.733324525752204
265.0,-30.0,14.747614246893749
265.0,-25.0,14.935364190534209
265.0,-20.0,14.979221052961165
265.0,-15.0,14.992367275532782
265.0,-10.0,15.191765546335327
265.0,-5.0,14.254738189676067
265.0,0.0,13.20393791611305
265.0,5.0,14.36593701528092
265.0,10.0,15.257284962032237
265.0,15.0,15.240244517221289
265.0,20.0,15.238426229055754
265.0,25.0,15.209601096885569
265.0,30.0,15.19695118388488
265.0,35.0,15.384933410563127
265.0,40.0,15.554344674080236
265.0,45.0,15.690200822640996
265.0,50.0,15.539072419698494
265.0,55.0,15.44815224810255
265.0,60.0,15.372314871283843
265.0,65.0,15.31062251581582
265.0,70.0,15.25242056407015
265.0,75.0,15.217209620693069
265.0,80.0,15.217192097678902
265.0,85.0,15.183695724240287
265.0,90.0,15.252713668975785
270.0,-90.0,15.01682091453129
270.0,-85.0,15.035672122700296
270.0,-80.0,15.14916467825446
270.0,-75.0,15.202027117860144
270.0,-70.0,15.197171853096675
270.0,-65.0,15.231991242618923
270.0,-60.0,15.168945832822864
270.0,-55.0,15.122991353620442
270.0,-50.0,15.060470300039109
270.0,-45.0,14.975825636286526
270.0,-40.0,14.80198527730359
270.0,-35.0,14.856078020637346
270.0,-30.0,14.75280018274471
270.0,-25.0,14.93737851988368
270.0,-20.0,15.029404416872653
270.0,-15.0,15.090324192382969
270.0,-10.0,15.163724323866203
270.0,-5.0,14.035735838145163
270.0,0.0,13.466657511259292
270.0,5.0,14.760504330228608
270.0,10.0,15.302095963144222
270.0,15.0,15.237025862485254
270.0,20.0,15.213067419643625
270.0,25.0,15.262101209040754
270.0,30.0,15.306738843060677
270.0,35.0,15.409744106414445
270.0,40.0,15.58373251471434
270.0,45.0,15.617132805419674
270.0,50.0,15.481171643732845
270.0,55.0,15.403160687887638
270.0,60.0,15.324663281413413
270.0,65.0,15.252128786396211
270.0,70.0,15.22432904273131
270.0,75.0,15.190879810000371
270.0,80.0,15.200621235943593
270.0,85.0,15.180495620232255
270.0,90.0,15.252713668975785
275.0,-90.0,15.01682091453129
275.0,-85.0,15.017381321997158
275.0,-80.0,15.165024960550278
275.0,-75.0,15.257440863014056
275.0,-70.0,15.194882004217039
275.0,-65.0,15.306924150733899
275.0,-60.0,15.26551807264559
275.0,-55.0,15.252839406957568
275.0,-50.0,15.208494076850114
275.0,-45.0,15.197622880955517
275.0,-40.0,15.068260492484615
275.0,-35.0,14.98959750192929
275.0,-30.0,14.823027099094299
275.0,-25.0,14.87669714025711
275.0,-20.0,15.027753222555301
275.0,-15.0,15.048048645949338
275.0,-10.0,15.069249880253611
275.0,-5.0,14.261756842964212
275.0,0.0,12.705494279516069
275.0,5.0,14.534278195930145
275.0,10.0,15.202020260346107
275.0,15.0,15.29195974291285
275.0,20.0,15.252365210207808
275.0,25.0,15.319376555905027
275.0,30.0,15.277128546301029
275.0,35.0,15.4294414386396
275.0,40.0,15.504247622425268
275.0,45.0,15.499695993360158
275.0,50.0,15.427897831965423
275.0,55.0,15.36605157060741
275.0,60.0,15.206381750386587
275.0,65.0,15.165217141571356
275.0,70.0,15.165434396265631
275.0,75.0,15.12518221765907
275.0,80.0,15.160527360709159
275.0,85.0,15.195976964439145
275.0,90.0,15.252713668975785
280.0,-90.0,15.01682091453129
280.0,-85.0,15.009574251776643
280.0,-80.0,15.197090376715959
280.0,-75.0,15.251066810973168
280.0,-70.0,15.259086672240187
280.0,-65.0,15.327838217705404
280.0,-60.0,15.193099940409713
280.0,-55.0,15.312878064467872
280.0,-50.0,15.270996379459604
280.0,-45.0,15.302769409615234
280.0,-40.0,15.199046171514551
280.0,-35.0,15.118258359963637
280.0,-30.0,14.97101947031178
280.0,-25.0,15.002824544768776
280.0,-20.0,15.20180622369333
280.0,-15.0,15.166701829849318
280.0,-10.0,15.021822581640242
280.0,-5.0,14.673974898390535
280.0,0.0,12.5648633695758
280.0,5.0,14.31843154804955
280.0,10.0,15.282379222426613
280.0,15.0,15.23812764741852
280.0,20.0,15.226090211064577
280.0,25.0,15.318704189719227
280.0,30.0,15.280674938313181
280.0,35.0,15.398330782538912
280.0,40.0,15.380591600684866
280.0,45.0,15.367419160608687
280.0,50.0,15.368499714879844
280.0,55.0,15.227902105611411
280.0,60.0,15.122970842543916
280.0,65.0,15.108298207336105
280.0,70.0,15.110117739900403
280.0,75.0,15.063028912189472
280.0,80.0,15.09302393980652
280.0,85.0,15.178961354590792
280.0,90.0,15.252713668975785
285.0,-90.0,15.01682091453129
285.0,-85.0,15.027907648748704
285.0,-80.0,15.183507642305976
285.0,-75.0,15.221918439875532
285.0,-70.0,15.239329329362086
285.0,-65.0,15.289945200693364
285.0,-60.0,15.228183612985886
285.0,-55.0,15.263623325529599
285.0,-50.0,15.398871069909648
285.0,-45.0,15.467055100877449
285.0,-40.0,15.380441274347515
285.0,-35.0,15.21672717029203
285.0,-30.0,15.10901728575995
285.0,-25.0,15.065453470225496
285.0,-20.0,15.140495620326918
285.0,-15.0,15.265252112463228
285.0,-10.0,15.028918085868264
285.0,-5.0,15.051251627692949
285.0,0.0,12.59952725763498
285.0,5.0,14.658997932112625
285.0,10.0,15.331397494038075
285.0,15.0,15.197486840431592
285.0,20.0,15.14909093502608
285.0,25.0,15.22945065423214
285.0,30.0,15.267455229599836
285.0,35.0,15.335308106340822
285.0,40.0,15.311007818298995
285.0,45.0,15.311291625783417
285.0,50.0,15.275452109526402
285.0,55.0,15.216326760721515
285.0,60.0,15.136270136684047
285.0,65.0,15.058913867825716
285.0,70.0,15.069246218962036
285.0,75.0,15.0317127108224
285.0,80.0,15.061652501103326
285.0,85.0,15.174534188631437
285.0,90.0,15.252713668975785
290.0,-90.0,15.01682091453129
290.0,-85.0,14.984503433748987
290.0,-80.0,15.190050471471263
290.0,-75.0,15.200423111492418
290.0,-70.0,15.249225466201647
290.0,-65.0,15.29555604647485
290.0,-60.0,15.262508313076319
290.0,-55.0,15.236494945617885
290.0,-50.0,15.380886887047934
290.0,-45.0,15.4492578930302
290.0,-40.0,15.456302062146108
290.0,-35.0,15.382187933347216
290.0,-30.0,15.230557025784085
290.0,-25.0,15.200389061199514
290.0,-20.0,15.27639134181913
290.0,-15.0,15.2649301581437
290.0,-10.0,15.039165074866812
290.0,-5.0,15.105426327726368
290.0,0.0,14.441563644042915
290.0,5.0,14.456533470795383
290.0,10.0,15.218331137984904
290.0,15.0,15.286099924674177
290.0,20.0,15.322482259336827
290.0,25.0,15.306656070347342
290.0,30.0,15.295942301180117
290.0,35.0,15.307626008308665
290.0,40.0,15.269534784410775
290.0,45.0,15.3060905965212
290.0,50.0,15.234507364041109
290.0,55.0,15.190247330756048
290.0,60.0,15.125491018180217
290.0,65.0,15.051472749031221
290.0,70.0,15.019423384181007
290.0,75.0,15.010480862352635
290.0,80.0,15.038503976545794
290.0,85.0,15.112164508046636
290.0,90.0,15.252713668975785
295.0,-90.0,15.01682091453129
295.0,-85.0,14.995199771056347
295.0,-80.0,15.257694822022824
295.0,-75.0,15.192036291073594
295.0,-70.0,15.171175411812566
295.0,-65.0,15.252298255877058
295.0,-60.0,15.261419244036361
295.0,-55.0,15.198107428942054
295.0,-50.0,15.344922819631003
295.0,-45.0,15.469532412306751
295.0,-40.0,15.510858699822581
295.0,-35.0,15.395931471027582
295.0,-30.0,15.376164853693561
295.0,-25.0,15.333305797078303
295.0,-20.0,15.31278978426013
295.0,-15.0,15.174082136075489
295.0,-10.0,15.011198001094295
295.0,-5.0,15.246255661470695
295.0,0.0,16.655294946942938
295.0,5.0,14.887505610828924
295.0,10.0,15.659525894366725
295.0,15.0,15.53017266979887
295.0,20.0,15.513597241714578
295.0,25.0,15.353342320539953
295.0,30.0,15.315670563149217
295.0,35.0,15.339557881709146
295.0,40.0,15.300985920144855
295.0,45.0,15.3356789796264
295.0,50.0,15.24053434631324
295.0,55.0,15.197775945294914
295.0,60.0,15.132073452976881
295.0,65.0,15.029217412760591
295.0,70.0,14.983341552719414
295.0,75.0,14.981951806337412
295.0,80.0,15.050952799583724
295.0,85.0,15.093875999929447
295.0,90.0,15.252713668975785
300.0,-90.0,15.01682091453129
300.0,-85.0,14.974369624699463
300.0,-80.0,15.161997508325504
300.0,-75.0,15.207062743117346
300.0,-70.0,15.163038087452424
300.0,-65.0,15.190101414580967
300.0,-60.0,15.17770774928201
300.0,-55.0,15.209313733069504
300.0,-50.0,15.270954788865547
300.0,-45.0,15.374908439435831
300.0,-40.0,15.480730822662258
300.0,-35.0,15.450438727381789
300.0,-30.0,15.381834378702932
300.0,-25.0,15.374430946339679
300.0,-20.0,15.363546811594217
300.0,-15.0,15.286666158804126
300.0,-10.0,15.140052940350468
300.0,-5.0,15.28678128274231
300.0,0.0,14.13984093084694
300.0,5.0,15.254781153493612
300.0,10.0,15.61041103651996
300.0,15.0,15.51741439535056
300.0,20.0,15.475179290841425
300.0,25.0,15.379592844862518
300.0,30.0,15.324776427757055
300.0,35.0,15.311135451686631
300.0,40.0,15.344545777356876
300.0,45.0,15.315484036351268
300.0,50.0,15.253575769469876
300.0,55.0,15.213133996174411
300.0,60.0,15.129763316838432
300.0,65.0,15.00311002397436
300.0,70.0,14.976568937066364
300.0,75.0,14.959489516911704
300.0,80.0,15.04634597075187
300.0,85.0,15.070006172582234
300.0,90.0,15.252713668975785
305.0,-90.0,15.01682091453129
305.0,-85.0,14.968877037845402
305.0,-80.0,15.156272391250365
305.0,-75.0,15.19808694817328
305.0,-70.0,15.159731015647475
305.0,-65.0,15.152831900823555
305.0,-60.0,15.111387924183957
305.0,-55.0,15.130005281127147
305.0,-50.0,15.216536334470495
305.0,-45.0,15.381531964891513
305.0,-40.0,15.4216366132014
305.0,-35.0,15.40335213085777
305.0,-30.0,15.334011887502436
305.0,-25.0,15.327250063210698
305.0,-20.0,15.43492449143894
305.0,-15.0,15.442724284435386
305.0,-10.0,15.382981685262138
305.0,-5.0,15.379963903055945
305.0,0.0,14.926751259413434
305.0,5.0,15.448723094076747
305.0,10.0,15.63808087319548
305.0,15.0,15.530484716124834
305.0,20.0,15.457514166588455
305.0,25.0,15.366389389894643
305.0,30.0,15.364727708540896
305.0,35.0,15.344217805437609
305.0,40.0,15.317868596855918
305.0,45.0,15.373456665932425
305.0,50.0,15.234897806799468
305.0,55.0,15.190142104589793
305.0,60.0,15.11009565768932
305.0,65.0,15.010898372875374
305.0,70.0,14.949004118081604
305.0,75.0,14.907181461127609
305.0,80.0,14.967962940548196
305.0,85.0,15.065121211034203
305.0,90.0,15.252713668975785
310.0,-90.0,15.01682091453129
310.0,-85.0,14.986051713820471
310.0,-80.0,15.153834492283991
310.0,-75.0,15.21258997292372
310.0,-70.0,15.181977767782293
310.0,-65.0,15.166678120944498
310.0,-60.0,15.091130230781191
310.0,-55.0,15.150511650154387
310.0,-50.0,15.252168445948248
310.0,-45.0,15.349566980798338
310.0,-40.0,15.361381383687124
310.0,-35.0,15.36865452993872
310.0,-30.0,15.314395156815854
310.0,-25.0,15.288940213059687
310.0,-20.0,15.449295815223394
310.0,-15.0,15.495491435633097
310.0,-10.0,15.409841600292141
310.0,-5.0,15.259999457125947
310.0,0.0,14.450171836144529
310.0,5.0,15.303033447943713
310.0,10.0,15.580984823242602
310.0,15.0,15.565143981801805
310.0,20.0,15.468545026275349
310.0,25.0,15.366983072411402
310.0,30.0,15.357874515296148
310.0,35.0,15.318499432004593
310.0,40.0,15.310103278088114
310.0,45.0,15.317117514347894
310.0,50.0,15.257897156260626
310.0,55.0,15.19044176506974
310.0,60.0,15.122035839789827
310.0,65.0,15.013160320496942
310.0,70.0,14.941865271755281
310.0,75.0,14.883885907458533
310.0,80.0,14.965565016605188
310.0,85.0,15.0639501340933
310.0,90.0,15.252713668975785
315.0,-90.0,15.01682091453129
315.0,-85.0,14.968655608753089
315.0,-80.0,15.137415785940577
315.0,-75.0,15.179809283357217
315.0,-70.0,15.149834177256203
315.0,-65.0,15.195509568826644
315.0,-60.0,15.106616791164846
315.0,-55.0,15.109474599705964
315.0,-50.0,15.205763443695893
315.0,-45.0,15.26963295509426
315.0,-40.0,15.293286483829311
315.0,-35.0,15.4015361918125
315.0,-30.0,15.417303846925282
315.0,-25.0,15.39929696817927
315.0,-20.0,15.4809383412542
315.0,-15.0,15.567240834468302
315.0,-10.0,15.630827602169363
315.0,-5.0,15.732818061477145
315.0,0.0,15.937295384458285
315.0,5.0,15.415981450899684
315.0,10.0,15.600050073569804
315.0,15.0,15.640348205310472
315.0,20.0,15.523572001627869
315.0,25.0,15.457401108286017
315.0,30.0,15.390170621928483
315.0,35.0,15.317059226413582
315.0,40.0,15.351867246723163
315.0,45.0,15.412730177271504
315.0,50.0,15.307615312583891
315.0,55.0,15.199431862808161
315.0,60.0,15.107152039791904
315.0,65.0,15.02176026412692
315.0,70.0,14.958520950862331
315.0,75.0,14.8932089436984
315.0,80.0,14.922349693009268
315.0,85.0,15.06519439130828
315.0,90.0,15.252713668975785
320.0,-90.0,15.01682091453129
320.0,-85.0,14.970533717903294
320.0,-80.0,15.086250061738866
320.0,-75.0,15.149246822576107
320.0,-70.0,15.201297741830938
320.0,-65.0,15.197987271976594
320.0,-60.0,15.151479843986907
320.0,-55.0,15.149728338501944
320.0,-50.0,15.144149500768435
320.0,-45.0,15.179777731804391
320.0,-40.0,15.300580482927375
320.0,-35.0,15.372758116096923
320.0,-30.0,15.5135361988776
320.0,-25.0,15.544498229573746
320.0,-20.0,15.539984781721527
320.0,-15.0,15.547684537823557
320.0,-10.0,15.671464883029124
320.0,-5.0,15.7259999594211
320.0,0.0,14.848714534145032
320.0,5.0,15.754735631365538
320.0,10.0,15.633877017544423
320.0,15.0,15.671301047314186
320.0,20.0,15.603537496707224
320.0,25.0,15.598444613183698
320.0,30.0,15.562809740439397
320.0,35.0,15.540261071368926
320.0,40.0,15.519928582465877
320.0,45.0,15.425095647398539
320.0,50.0,15.342154760902607
320.0,55.0,15.228157659696997
320.0,60.0,15.092477145383807
320.0,65.0,15.057564673679902
320.0,70.0,15.038182632399147
320.0,75.0,14.89478953396927
320.0,80.0,14.899514819668939
320.0,85.0,15.073759277319215
320.0,90.0,15.252713668975785
325.0,-90.0,15.01682091453129
325.0,-85.0,14.946110078564697
325.0,-80.0,15.034618550138909
325.0,-75.0,15.154998845140117
325.0,-70.0,15.182377567526041
325.0,-65.0,15.18136831668802
325.0,-60.0,15.192790264557111
325.0,-55.0,15.0959798433179
325.0,-50.0,15.187166596397434
325.0,-45.0,15.10401762415375
325.0,-40.0,15.239272674686015
325.0,-35.0,15.38833738504874
325.0,-30.0,15.425404200136802
325.0,-25.0,15.467730928379364
325.0,-20.0,15.620917968603974
325.0,-15.0,15.75061573491439
325.0,-10.0,15.914289498755027
325.0,-5.0,15.841217141169324
325.0,0.0,15.527665952704895
325.0,5.0,15.698862885860745
325.0,10.0,15.788544795769885
325.0,15.0,15.898710443284394
325.0,20.0,15.806986582180084
325.0,25.0,15.797156604127412
325.0,30.0,15.688327386163147
325.0,35.0,15.553854479816112
325.0,40.0,15.47214934629677
325.0,45.0,15.340823411879486
325.0,50.0,15.329379159921679
325.0,55.0,15.229748879428591
325.0,60.0,15.126494284326016
325.0,65.0,15.079945136459294
325.0,70.0,15.05818968676534
325.0,75.0,14.906874062961007
325.0,80.0,14.9314048651949
325.0,85.0,15.076097524407025
325.0,90.0,15.252713668975785
330.0,-90.0,15.01682091453129
330.0,-85.0,14.930045783095217
330.0,-80.0,14.98673127876347
330.0,-75.0,15.138180455520153
330.0,-70.0,15.209290935618146
330.0,-65.0,15.265253895435318
330.0,-60.0,15.22272957062222
330.0,-55.0,15.087543374850254
330.0,-50.0,15.10904897575365
330.0,-45.0,14.994007286287237
330.0,-40.0,15.040536264847905
330.0,-35.0,15.327365183917275
330.0,-30.0,15.450295020450937
330.0,-25.0,15.492327381684845
330.0,-20.0,15.533695444048572
330.0,-15.0,15.804425657199417
330.0,-10.0,16.04084258605914
330.0,-5.0,15.940350489512408
330.0,0.0,13.832764239031908
330.0,5.0,15.820777402445444
330.0,10.0,15.970685306455396
330.0,15.0,15.968532862462755
330.0,20.0,15.80617939850027
330.0,25.0,15.58748246020617
330.0,30.0,15.453243320367372
330.0,35.0,15.381547965657052
330.0,40.0,15.39501831416366
330.0,45.0,15.364686609696452
330.0,50.0,15.317039866609049
330.0,55.0,15.221309791930318
330.0,60.0,15.143915196348559
330.0,65.0,15.133631257049995
330.0,70.0,15.073060332049847
330.0,75.0,14.920257945984426
330.0,80.0,14.94740516962189
330.0,85.0,15.08206880044911
330.0,90.0,15.252713668975785
335.0,-90.0,15.01682091453129
335.0,-85.0,14.914793527478073
335.0,-80.0,14.976845002600871
335.0,-75.0,15.095273075009557
335.0,-70.0,15.203518234162342
335.0,-65.0,15.281894212292219
335.0,-60.0,15.210760723274939
335.0,-55.0,15.088845790525289
335.0,-50.0,15.042627298936688
335.0,-45.0,15.036972138545185
335.0,-40.0,14.83439313537662
335.0,-35.0,15.162657955080139
335.0,-30.0,15.434960880361169
335.0,-25.0,15.49488405477687
335.0,-20.0,15.50687983194809
335.0,-15.0,15.722485388049984
335.0,-10.0,15.948219666108557
335.0,-5.0,16.10822554956274
335.0,0.0,17.202485565009887
335.0,5.0,15.926564109414782
335.0,10.0,16.019585916326395
335.0,15.0,15.95847145907597
335.0,20.0,15.701810578968622
335.0,25.0,15.476040840174367
335.0,30.0,15.411454997466315
335.0,35.0,15.45037540300515
335.0,40.0,15.37325769548164
335.0,45.0,15.348369162828309
335.0,50.0,15.321944507485437
335.0,55.0,15.21040456346626
335.0,60.0,15.130642517598606
335.0,65.0,15.122584184835196
335.0,70.0,15.088036496021891
335.0,75.0,14.942799292145418
335.0,80.0,14.956161888132721
335.0,85.0,15.09694874339671
335.0,90.0,15.252713668975785
340.0,-90.0,15.01682091453129
340.0,-85.0,14.909979083828974
340.0,-80.0,14.940757892759386
340.0,-75.0,14.92479965972266
340.0,-70.0,15.16295120794925
340.0,-65.0,15.287941817348134
340.0,-60.0,15.229556114811215
340.0,-55.0,15.119208315510788
340.0,-50.0,14.955959008944294
340.0,-45.0,15.13518759202231
340.0,-40.0,15.147941586814119
340.0,-35.0,15.090218702026032
340.0,-30.0,15.377410731335216
340.0,-25.0,15.527857668143954
340.0,-20.0,15.70312975812394
340.0,-15.0,15.730113586526917
340.0,-10.0,15.996213427406166
340.0,-5.0,16.259887620111574
340.0,0.0,16.2453510471525
340.0,5.0,15.918101463168703
340.0,10.0,15.90887435920505
340.0,15.0,15.756130196036752
340.0,20.0,15.767519703710576
340.0,25.0,15.683208958728427
340.0,30.0,15.544285645468275
340.0,35.0,15.530871627701343
340.0,40.0,15.46398941982967
340.0,45.0,15.407080051646508
340.0,50.0,15.328939175914135
340.0,55.0,15.173837681174245
340.0,60.0,15.146263841301494
340.0,65.0,15.101714320756926
340.0,70.0,15.045951059446129
340.0,75.0,14.973524877332173
340.0,80.0,14.94674484124878
340.0,85.0,15.077999595452832
340.0,90.0,15.252713668975785
345.0,-90.0,15.01682091453129
345.0,-85.0,14.909089284275053
345.0,-80.0,14.929569389754167
345.0,-75.0,14.864991115140517
345.0,-70.0,15.084720386177441
345.0,-65.0,15.244894329733125
345.0,-60.0,15.274518742086139
345.0,-55.0,15.112302838352587
345.0,-50.0,15.010518492765767
345.0,-45.0,15.06629177814737
345.0,-40.0,15.185403652227802
345.0,-35.0,15.092826165932195
345.0,-30.0,15.285525988794141
345.0,-25.0,15.463231722077259
345.0,-20.0,15.69273734940355
345.0,-15.0,15.645351046055351
345.0,-10.0,16.014442260906023
345.0,-5.0,16.150101286421126
345.0,0.0,16.03388175767968
345.0,5.0,16.047187033737806
345.0,10.0,15.796545477986486
345.0,15.0,15.786008999109244
345.0,20.0,15.6328444129914
345.0,25.0,15.654231569729756
345.0,30.0,15.653687596197946
345.0,35.0,15.667933326603075
345.0,40.0,15.564081294476937
345.0,45.0,15.461466382804263
345.0,50.0,15.303156906687889
345.0,55.0,15.136635956196535
345.0,60.0,15.141188947002634
345.0,65.0,15.133495020635614
345.0,70.0,15.030557346275257
345.0,75.0,14.963902710063943
345.0,80.0,14.991278911113703
345.0,85.0,15.0701846933697
345.0,90.0,15.252713668975785
350.0,-90.0,15.01682091453129
350.0,-85.0,14.9263251655524
350.0,-80.0,14.928096559536908
350.0,-75.0,14.850366580911636
350.0,-70.0,15.069985569784887
350.0,-65.0,15.236408211355455
350.0,-60.0,15.224658223904592
350.0,-55.0,15.115680049965922
350.0,-50.0,15.031822169576843
350.0,-45.0,15.014890243991141
350.0,-40.0,15.061514000961198
350.0,-35.0,15.124417140393865
350.0,-30.0,15.226205684244727
350.0,-25.0,15.172950440361312
350.0,-20.0,15.427732066715198
350.0,-15.0,15.679155652615453
350.0,-10.0,15.948571514055851
350.0,-5.0,16.249379996365313
350.0,0.0,16.121575731066745
350.0,5.0,16.32872727454249
350.0,10.0,15.938499606083587
350.0,15.0,15.81539481218415
350.0,20.0,15.815699012424561
350.0,25.0,15.705494600172704
350.0,30.0,15.641675612925269
350.0,35.0,15.691780999763026
350.0,40.0,15.582039258900938
350.0,45.0,15.50205351020358
350.0,50.0,15.224595629764162
350.0,55.0,15.14533790168321
350.0,60.0,15.157146386417564
350.0,65.0,15.152695946746892
350.0,70.0,15.053744013338058
350.0,75.0,14.98189530473773
350.0,80.0,15.004080173041459
350.0,85.0,15.074094067743124
350.0,90.0,15.252713668975785
355.0,-90.0,15.01682091453129
355.0,-85.0,14.931512730061947
355.0,-80.0,14.909703835648155
355.0,-75.0,14.868697943328357
355.0,-70.0,15.027619541363078
355.0,-65.0,15.231789630834774
355.0,-60.0,15.19329052897007
355.0,-55.0,15.135268679781536
355.0,-50.0,15.068557140307593
355.0,-45.0,14.987451602000492
355.0,-40.0,15.063540486082653
355.0,-35.0,15.072030972588658
355.0,-30.0,15.139158753457997
355.0,-25.0,15.236393371568093
355.0,-20.0,15.567036916269217
355.0,-15.0,15.657159232810951
355.0,-10.0,15.882383279015663
355.0,-5.0,16.294674662800297
355.0,0.0,15.779685189696652
355.0,5.0,16.13884922347701
355.0,10.0,15.796331687584573
355.0,15.0,15.731960642054544
355.0,20.0,15.792173151181473
355.0,25.0,15.642922217714222
355.0,30.0,15.659797682412057
355.0,35.0,15.636066206690638
355.0,40.0,15.546986661349221
355.0,45.0,15.464096209032098
355.0,50.0,15.233058358264557
355.0,55.0,15.140032613263223
355.0,60.0,15.14224840126534
355.0,65.0,15.192963062461986
355.0,70.0,15.076264872982769
355.0,75.0,14.992849025239266
355.0,80.0,15.033411407096398
355.0,85.0,15.069845956926084
355.0,90.0,15.252713668975785
