longitude_list,latitude_list,OVIII_column_number_density_integrate_data_list
0.0,-90.0,14.405611173066939
0.0,-85.0,14.313071173009657
0.0,-80.0,14.297251558900557
0.0,-75.0,14.269848614056704
0.0,-70.0,14.205960857784994
0.0,-65.0,14.376357128206978
0.0,-60.0,14.162468975433484
0.0,-55.0,14.232121407349325
0.0,-50.0,14.293198350014332
0.0,-45.0,14.213376008181186
0.0,-40.0,14.321643780997878
0.0,-35.0,14.30573620495611
0.0,-30.0,14.325665969477813
0.0,-25.0,14.560980990422033
0.0,-20.0,14.811412028574138
0.0,-15.0,14.891056508700201
0.0,-10.0,14.966756909737049
0.0,-5.0,15.278332655433136
0.0,0.0,15.858828155810137
0.0,5.0,15.45648294667892
0.0,10.0,14.876623155775883
0.0,15.0,14.9188707122636
0.0,20.0,14.898841078610307
0.0,25.0,14.823255714542128
0.0,30.0,14.794073429718756
0.0,35.0,14.738702525138356
0.0,40.0,14.630965826037665
0.0,45.0,14.536299217824396
0.0,50.0,14.482509363726852
0.0,55.0,14.458187194576498
0.0,60.0,14.368990393265443
0.0,65.0,14.394153253833764
0.0,70.0,14.453905691975814
0.0,75.0,14.390433863515488
0.0,80.0,14.464330868995301
0.0,85.0,14.533590559320935
0.0,90.0,14.534958148663772
5.0,-90.0,14.405611173066939
5.0,-85.0,14.298630465059436
5.0,-80.0,14.32278079834312
5.0,-75.0,14.262940744636433
5.0,-70.0,14.176563635952961
5.0,-65.0,14.323276642917284
5.0,-60.0,14.248031953441975
5.0,-55.0,14.3081181429871
5.0,-50.0,14.279493914058362
5.0,-45.0,14.215893002309091
5.0,-40.0,14.246387968794666
5.0,-35.0,14.360860329919147
5.0,-30.0,14.532995746258507
5.0,-25.0,14.50890900992072
5.0,-20.0,14.745448179193149
5.0,-15.0,14.884613191069363
5.0,-10.0,15.056369647825809
5.0,-5.0,15.178005495418258
5.0,0.0,13.974319197858987
5.0,5.0,15.036500090529385
5.0,10.0,14.92353834275523
5.0,15.0,14.949962141583924
5.0,20.0,14.786459961983418
5.0,25.0,14.759368780053038
5.0,30.0,14.759150231622874
5.0,35.0,14.653164999360728
5.0,40.0,14.528504659297814
5.0,45.0,14.511705207411246
5.0,50.0,14.516586855532298
5.0,55.0,14.386884886455569
5.0,60.0,14.299934222252082
5.0,65.0,14.400812500434096
5.0,70.0,14.455872846210175
5.0,75.0,14.3782362492261
5.0,80.0,14.44863457263297
5.0,85.0,14.527762868264883
5.0,90.0,14.534958148663772
10.0,-90.0,14.405611173066939
10.0,-85.0,14.313734208330242
10.0,-80.0,14.315587053694822
10.0,-75.0,14.262063642491407
10.0,-70.0,14.187063390726397
10.0,-65.0,14.283148398922435
10.0,-60.0,14.258400463195462
10.0,-55.0,14.304208231263956
10.0,-50.0,14.22190559946596
10.0,-45.0,14.297887035070634
10.0,-40.0,14.438943718910336
10.0,-35.0,14.376529275610304
10.0,-30.0,14.57826860177323
10.0,-25.0,14.665464717622713
10.0,-20.0,14.764365872143724
10.0,-15.0,14.893897947757479
10.0,-10.0,14.947651891727041
10.0,-5.0,15.314368003713389
10.0,0.0,12.420803904582812
10.0,5.0,14.52637753071549
10.0,10.0,14.733576826594167
10.0,15.0,14.765829792182576
10.0,20.0,14.540992882225707
10.0,25.0,14.600638517307427
10.0,30.0,14.701530104439547
10.0,35.0,14.521084124290534
10.0,40.0,14.530256774470024
10.0,45.0,14.49418762465534
10.0,50.0,14.475876737016694
10.0,55.0,14.3204524468174
10.0,60.0,14.285864235558819
10.0,65.0,14.416280038744212
10.0,70.0,14.421385163526741
10.0,75.0,14.427365158254375
10.0,80.0,14.47555916323437
10.0,85.0,14.52861268522598
10.0,90.0,14.534958148663772
15.0,-90.0,14.405611173066939
15.0,-85.0,14.3062652639447
15.0,-80.0,14.295546745736916
15.0,-75.0,14.359513706071132
15.0,-70.0,14.264455500975496
15.0,-65.0,14.315478712501251
15.0,-60.0,14.212489079517322
15.0,-55.0,14.257951784995534
15.0,-50.0,14.320104501516383
15.0,-45.0,14.45531599147283
15.0,-40.0,14.534587977967446
15.0,-35.0,14.53182285150057
15.0,-30.0,14.564728609949634
15.0,-25.0,14.70171446154798
15.0,-20.0,14.73209119193405
15.0,-15.0,14.925512607214017
15.0,-10.0,14.958050232687512
15.0,-5.0,14.867783901522687
15.0,0.0,15.473439832942454
15.0,5.0,14.635149296383794
15.0,10.0,14.74676032984539
15.0,15.0,14.6746842331024
15.0,20.0,14.423482303233971
15.0,25.0,14.449445721883793
15.0,30.0,14.463133526625047
15.0,35.0,14.397776025529529
15.0,40.0,14.502606138805113
15.0,45.0,14.463842144515656
15.0,50.0,14.405846807963103
15.0,55.0,14.278135291807365
15.0,60.0,14.301898265714142
15.0,65.0,14.419296106390014
15.0,70.0,14.39560894103425
15.0,75.0,14.41202521115272
15.0,80.0,14.484937875728995
15.0,85.0,14.531361236325818
15.0,90.0,14.534958148663772
20.0,-90.0,14.405611173066939
20.0,-85.0,14.32697761905548
20.0,-80.0,14.297682268411945
20.0,-75.0,14.379955395197042
20.0,-70.0,14.36432300560208
20.0,-65.0,14.335093098565567
20.0,-60.0,14.29842996579213
20.0,-55.0,14.26638092802396
20.0,-50.0,14.379674896307582
20.0,-45.0,14.576210941759083
20.0,-40.0,14.56893714019282
20.0,-35.0,14.631931062792184
20.0,-30.0,14.671272143042284
20.0,-25.0,14.748226239160951
20.0,-20.0,14.726945901558544
20.0,-15.0,14.794897045847128
20.0,-10.0,14.797606020435136
20.0,-5.0,14.658317998869748
20.0,0.0,14.768321623534034
20.0,5.0,14.451774960174198
20.0,10.0,14.793733903671123
20.0,15.0,14.607025128348301
20.0,20.0,14.2985943845825
20.0,25.0,14.318313496575028
20.0,30.0,14.21573297044082
20.0,35.0,14.324711161874717
20.0,40.0,14.394692423059034
20.0,45.0,14.366473183206704
20.0,50.0,14.325965581518819
20.0,55.0,14.288096650513168
20.0,60.0,14.283394159928422
20.0,65.0,14.388105844046143
20.0,70.0,14.405145692468754
20.0,75.0,14.397737807633487
20.0,80.0,14.501960433886513
20.0,85.0,14.536765240750992
20.0,90.0,14.534958148663772
25.0,-90.0,14.405611173066939
25.0,-85.0,14.329635470651592
25.0,-80.0,14.325307931607107
25.0,-75.0,14.388911648264305
25.0,-70.0,14.447836209907381
25.0,-65.0,14.377111588554476
25.0,-60.0,14.338603310410459
25.0,-55.0,14.340248414599786
25.0,-50.0,14.436786759294328
25.0,-45.0,14.647886973718913
25.0,-40.0,14.535673109286888
25.0,-35.0,14.626470022000177
25.0,-30.0,14.775700712298963
25.0,-25.0,14.744740628291478
25.0,-20.0,14.714019503331226
25.0,-15.0,14.712888052779169
25.0,-10.0,14.63723424908435
25.0,-5.0,14.515951089468233
25.0,0.0,12.294527623300237
25.0,5.0,13.45876486167171
25.0,10.0,14.53962699872383
25.0,15.0,14.532634223678057
25.0,20.0,14.259990467231406
25.0,25.0,14.19311666850877
25.0,30.0,14.201222068202222
25.0,35.0,14.18341069811034
25.0,40.0,14.216925105473363
25.0,45.0,14.424810393928105
25.0,50.0,14.285088465393056
25.0,55.0,14.321440077977302
25.0,60.0,14.32611388654382
25.0,65.0,14.381783285641363
25.0,70.0,14.42057654026754
25.0,75.0,14.447702525750348
25.0,80.0,14.51830939832712
25.0,85.0,14.54214169126832
25.0,90.0,14.534958148663772
30.0,-90.0,14.405611173066939
30.0,-85.0,14.333599572230831
30.0,-80.0,14.340466733701962
30.0,-75.0,14.422166317073685
30.0,-70.0,14.481203647839864
30.0,-65.0,14.373145194073476
30.0,-60.0,14.34284303718566
30.0,-55.0,14.379891377078414
30.0,-50.0,14.626765177370043
30.0,-45.0,14.520702708701204
30.0,-40.0,14.694794961312164
30.0,-35.0,14.782744591844155
30.0,-30.0,14.875057059897243
30.0,-25.0,14.79768091155654
30.0,-20.0,14.72377863397741
30.0,-15.0,14.570983251173995
30.0,-10.0,14.576308456996268
30.0,-5.0,14.427923078112721
30.0,0.0,14.509564458928219
30.0,5.0,14.071381203789848
30.0,10.0,14.499578581260742
30.0,15.0,14.583138449569367
30.0,20.0,14.40473083180635
30.0,25.0,14.322292257804557
30.0,30.0,14.366549784494085
30.0,35.0,14.323185626293638
30.0,40.0,14.28954369394335
30.0,45.0,14.422639128000897
30.0,50.0,14.299755177970589
30.0,55.0,14.305135295261994
30.0,60.0,14.372274739613536
30.0,65.0,14.382336500555864
30.0,70.0,14.429350449937028
30.0,75.0,14.479259035587026
30.0,80.0,14.526731032549982
30.0,85.0,14.546706002721946
30.0,90.0,14.534958148663772
35.0,-90.0,14.405611173066939
35.0,-85.0,14.325903562737247
35.0,-80.0,14.38575400464002
35.0,-75.0,14.396675918638122
35.0,-70.0,14.471725779954912
35.0,-65.0,14.451079490461005
35.0,-60.0,14.395590203735821
35.0,-55.0,14.476532977129759
35.0,-50.0,14.597478288178875
35.0,-45.0,14.609883095235324
35.0,-40.0,14.725527398199631
35.0,-35.0,14.862536421491857
35.0,-30.0,14.88189843372788
35.0,-25.0,14.846338664283024
35.0,-20.0,14.662658782088979
35.0,-15.0,14.500779858427284
35.0,-10.0,14.645516152940846
35.0,-5.0,15.308117480476554
35.0,0.0,15.693202808749454
35.0,5.0,14.841542816102743
35.0,10.0,14.362971541497775
35.0,15.0,14.576433480041747
35.0,20.0,14.522084295789028
35.0,25.0,14.434047848415771
35.0,30.0,14.498306533709885
35.0,35.0,14.480126116901674
35.0,40.0,14.435948373855465
35.0,45.0,14.38674271255918
35.0,50.0,14.329338855993583
35.0,55.0,14.360168890257945
35.0,60.0,14.448428120891018
35.0,65.0,14.42696909359829
35.0,70.0,14.439155759543233
35.0,75.0,14.482246749647162
35.0,80.0,14.52218972671479
35.0,85.0,14.54140048960014
35.0,90.0,14.534958148663772
40.0,-90.0,14.405611173066939
40.0,-85.0,14.342894353680949
40.0,-80.0,14.382622638381978
40.0,-75.0,14.428006245694423
40.0,-70.0,14.49613185557167
40.0,-65.0,14.4425232828979
40.0,-60.0,14.35495373806305
40.0,-55.0,14.463454909325769
40.0,-50.0,14.536463564469202
40.0,-45.0,14.616304194086053
40.0,-40.0,14.691167616786542
40.0,-35.0,14.820347281461267
40.0,-30.0,14.879530476481428
40.0,-25.0,14.875970824633692
40.0,-20.0,14.73974828094048
40.0,-15.0,14.630479744315119
40.0,-10.0,14.632792610792473
40.0,-5.0,14.419681484341169
40.0,0.0,15.188639676563
40.0,5.0,14.45327005830472
40.0,10.0,14.457969133149417
40.0,15.0,14.529931021985542
40.0,20.0,14.53420655230307
40.0,25.0,14.509824023199274
40.0,30.0,14.491973481300127
40.0,35.0,14.52647086961489
40.0,40.0,14.502019354180458
40.0,45.0,14.385381177247691
40.0,50.0,14.413844751960115
40.0,55.0,14.437548938843396
40.0,60.0,14.480316811481494
40.0,65.0,14.462740681987103
40.0,70.0,14.47358891420799
40.0,75.0,14.50320779431881
40.0,80.0,14.542910445095249
40.0,85.0,14.533902028047262
40.0,90.0,14.534958148663772
45.0,-90.0,14.405611173066939
45.0,-85.0,14.347859128650237
45.0,-80.0,14.402374404494715
45.0,-75.0,14.45668286565929
45.0,-70.0,14.40554201659278
45.0,-65.0,14.500974517684776
45.0,-60.0,14.438105509775957
45.0,-55.0,14.451762455977908
45.0,-50.0,14.571347256980744
45.0,-45.0,14.63897987150194
45.0,-40.0,14.763736951999752
45.0,-35.0,14.854228786756394
45.0,-30.0,14.789702361188798
45.0,-25.0,14.758943997014418
45.0,-20.0,14.689230012490647
45.0,-15.0,14.439075026994892
45.0,-10.0,14.522920556767257
45.0,-5.0,14.726447425804428
45.0,0.0,14.982667355757352
45.0,5.0,14.340508067712895
45.0,10.0,14.583460979007082
45.0,15.0,14.541192384999755
45.0,20.0,14.571273017525339
45.0,25.0,14.52180106299497
45.0,30.0,14.471284863242024
45.0,35.0,14.501326471774913
45.0,40.0,14.483254810624105
45.0,45.0,14.454675392586292
45.0,50.0,14.481121960452578
45.0,55.0,14.439270117406666
45.0,60.0,14.513413124335154
45.0,65.0,14.48375210050356
45.0,70.0,14.50215396380947
45.0,75.0,14.51204226794688
45.0,80.0,14.541896398030305
45.0,85.0,14.537549152176554
45.0,90.0,14.534958148663772
50.0,-90.0,14.405611173066939
50.0,-85.0,14.36144215169117
50.0,-80.0,14.421156596645137
50.0,-75.0,14.48046740661631
50.0,-70.0,14.402695217736106
50.0,-65.0,14.463135045434802
50.0,-60.0,14.478380225499999
50.0,-55.0,14.470598262300403
50.0,-50.0,14.676731100594974
50.0,-45.0,14.723994567607667
50.0,-40.0,14.789998700269573
50.0,-35.0,14.80585441256913
50.0,-30.0,14.723466289023039
50.0,-25.0,14.599391434671547
50.0,-20.0,14.386123670569287
50.0,-15.0,14.422219606743889
50.0,-10.0,14.495475906372711
50.0,-5.0,14.444539117412305
50.0,0.0,13.389557790307867
50.0,5.0,14.319147392004854
50.0,10.0,14.624116520310016
50.0,15.0,14.61669817342962
50.0,20.0,14.592041998419985
50.0,25.0,14.499238556769178
50.0,30.0,14.488857556541776
50.0,35.0,14.49187296451256
50.0,40.0,14.475095125076296
50.0,45.0,14.501351804276043
50.0,50.0,14.451842399252243
50.0,55.0,14.472104981280994
50.0,60.0,14.526984948732682
50.0,65.0,14.536422552354276
50.0,70.0,14.491313086260439
50.0,75.0,14.527923689922325
50.0,80.0,14.558060004722124
50.0,85.0,14.538175686291092
50.0,90.0,14.534958148663772
55.0,-90.0,14.405611173066939
55.0,-85.0,14.367969933167723
55.0,-80.0,14.445013567663345
55.0,-75.0,14.465301292168144
55.0,-70.0,14.413894235119091
55.0,-65.0,14.45750226541072
55.0,-60.0,14.575668937092498
55.0,-55.0,14.573879511156377
55.0,-50.0,14.693351407350969
55.0,-45.0,14.63970646072477
55.0,-40.0,14.544221763987135
55.0,-35.0,14.36004997653927
55.0,-30.0,14.292550344084427
55.0,-25.0,14.439107435636151
55.0,-20.0,14.458552690491203
55.0,-15.0,14.48587125952537
55.0,-10.0,14.576971703222569
55.0,-5.0,14.396531023269057
55.0,0.0,12.684191457444825
55.0,5.0,14.183549165437991
55.0,10.0,14.629611672611643
55.0,15.0,14.711677090355444
55.0,20.0,14.67510395310668
55.0,25.0,14.563415860204199
55.0,30.0,14.549037824351423
55.0,35.0,14.550490844825589
55.0,40.0,14.568057078067444
55.0,45.0,14.58494268886334
55.0,50.0,14.504458463295872
55.0,55.0,14.525702162498618
55.0,60.0,14.544765954378667
55.0,65.0,14.523605670638517
55.0,70.0,14.468351855880115
55.0,75.0,14.53914631630483
55.0,80.0,14.554422420133541
55.0,85.0,14.539792741185499
55.0,90.0,14.534958148663772
60.0,-90.0,14.405611173066939
60.0,-85.0,14.383120105308313
60.0,-80.0,14.443929636959398
60.0,-75.0,14.484236194305542
60.0,-70.0,14.37895093442544
60.0,-65.0,14.422397775556416
60.0,-60.0,14.604436453466578
60.0,-55.0,14.673211218691863
60.0,-50.0,14.65702317535212
60.0,-45.0,14.444445160306826
60.0,-40.0,14.315853192250252
60.0,-35.0,14.316524561296223
60.0,-30.0,14.262532778471888
60.0,-25.0,14.353056873640256
60.0,-20.0,14.485080464667034
60.0,-15.0,14.416418042742928
60.0,-10.0,14.479155387420903
60.0,-5.0,14.403549757268156
60.0,0.0,14.416170517159747
60.0,5.0,14.099210714049391
60.0,10.0,14.551797060724123
60.0,15.0,14.634709826079124
60.0,20.0,14.757151653646753
60.0,25.0,14.703755063806586
60.0,30.0,14.66218727986926
60.0,35.0,14.688999478219587
60.0,40.0,14.724100282926319
60.0,45.0,14.671751168995526
60.0,50.0,14.601741255192964
60.0,55.0,14.551204782348972
60.0,60.0,14.537577782449661
60.0,65.0,14.518149869056135
60.0,70.0,14.488082271534749
60.0,75.0,14.55124756577884
60.0,80.0,14.560647136501027
60.0,85.0,14.530141556335424
60.0,90.0,14.534958148663772
65.0,-90.0,14.405611173066939
65.0,-85.0,14.383947928853807
65.0,-80.0,14.465440818934349
65.0,-75.0,14.462640097667673
65.0,-70.0,14.423490596201711
65.0,-65.0,14.4285230530401
65.0,-60.0,14.525593177920259
65.0,-55.0,14.59910148162523
65.0,-50.0,14.513066619338073
65.0,-45.0,14.332395359698927
65.0,-40.0,14.323622741884215
65.0,-35.0,14.362969956610982
65.0,-30.0,14.371961745712197
65.0,-25.0,14.365390134194268
65.0,-20.0,14.47516391609862
65.0,-15.0,14.47967322701155
65.0,-10.0,14.658197033328133
65.0,-5.0,14.305465310351405
65.0,0.0,14.379251041727002
65.0,5.0,14.171758866847252
65.0,10.0,14.408406991692924
65.0,15.0,14.62190289411184
65.0,20.0,14.760212100541555
65.0,25.0,14.791900646226724
65.0,30.0,14.78350363972779
65.0,35.0,14.794329158538435
65.0,40.0,14.754205657989687
65.0,45.0,14.724907926765683
65.0,50.0,14.664527693775272
65.0,55.0,14.523121554345254
65.0,60.0,14.518781043283628
65.0,65.0,14.49664002884988
65.0,70.0,14.54401731918693
65.0,75.0,14.554133986429875
65.0,80.0,14.566783710364561
65.0,85.0,14.523368718838976
65.0,90.0,14.534958148663772
70.0,-90.0,14.405611173066939
70.0,-85.0,14.385093350140036
70.0,-80.0,14.467957194601246
70.0,-75.0,14.506529507379657
70.0,-70.0,14.475865954423984
70.0,-65.0,14.46530445442364
70.0,-60.0,14.571725598953298
70.0,-55.0,14.546308291270622
70.0,-50.0,14.457631021675407
70.0,-45.0,14.32142947601364
70.0,-40.0,14.2802204783861
70.0,-35.0,14.335271726967141
70.0,-30.0,14.42115633327434
70.0,-25.0,14.42443706174223
70.0,-20.0,14.500823326108808
70.0,-15.0,14.583040203736527
70.0,-10.0,14.75171817476194
70.0,-5.0,14.38285143916035
70.0,0.0,12.704099755588228
70.0,5.0,13.628986356514973
70.0,10.0,14.215275276061256
70.0,15.0,14.485513139717629
70.0,20.0,14.655663273150248
70.0,25.0,14.793824823394399
70.0,30.0,14.781666237967764
70.0,35.0,14.763956670583253
70.0,40.0,14.73002653882827
70.0,45.0,14.676212725600642
70.0,50.0,14.61747783350471
70.0,55.0,14.486745231009657
70.0,60.0,14.510338321093794
70.0,65.0,14.524229537388523
70.0,70.0,14.555650465821588
70.0,75.0,14.583384247908167
70.0,80.0,14.573006693788695
70.0,85.0,14.522434245231366
70.0,90.0,14.534958148663772
75.0,-90.0,14.405611173066939
75.0,-85.0,14.41350284768732
75.0,-80.0,14.479377536262339
75.0,-75.0,14.520380089228361
75.0,-70.0,14.529718300391947
75.0,-65.0,14.518502447762465
75.0,-60.0,14.563098546494125
75.0,-55.0,14.557789349801064
75.0,-50.0,14.570667772690799
75.0,-45.0,14.313376895364483
75.0,-40.0,14.348790659589682
75.0,-35.0,14.40367629506487
75.0,-30.0,14.441171840433896
75.0,-25.0,14.526631135988914
75.0,-20.0,14.581520848802676
75.0,-15.0,14.584909503520302
75.0,-10.0,14.57476985387373
75.0,-5.0,14.212326834023337
75.0,0.0,12.707728927092411
75.0,5.0,13.454174936598436
75.0,10.0,14.242825903846157
75.0,15.0,14.270900340550169
75.0,20.0,14.375038614730801
75.0,25.0,14.512718218226174
75.0,30.0,14.580213423535582
75.0,35.0,14.650301897165873
75.0,40.0,14.59176525625572
75.0,45.0,14.613077623516208
75.0,50.0,14.596349402406792
75.0,55.0,14.512249602228843
75.0,60.0,14.51991213344819
75.0,65.0,14.520044319367765
75.0,70.0,14.543711889034393
75.0,75.0,14.602059917774568
75.0,80.0,14.588870370902868
75.0,85.0,14.513335400078144
75.0,90.0,14.534958148663772
80.0,-90.0,14.405611173066939
80.0,-85.0,14.424948258870062
80.0,-80.0,14.489549758682923
80.0,-75.0,14.527212096488068
80.0,-70.0,14.555090228401019
80.0,-65.0,14.548513268029302
80.0,-60.0,14.545224336629865
80.0,-55.0,14.568451402193755
80.0,-50.0,14.58862478543361
80.0,-45.0,14.493958025858063
80.0,-40.0,14.423981514083955
80.0,-35.0,14.452640915284306
80.0,-30.0,14.562803046534412
80.0,-25.0,14.572584396206114
80.0,-20.0,14.661736143779606
80.0,-15.0,14.556536335375432
80.0,-10.0,14.313486352532367
80.0,-5.0,13.113546584197703
80.0,0.0,12.68661022125803
80.0,5.0,12.933979023429476
80.0,10.0,14.275287128730563
80.0,15.0,14.306337551002013
80.0,20.0,14.312922459384628
80.0,25.0,14.307136336323902
80.0,30.0,14.361618062548336
80.0,35.0,14.48555913899626
80.0,40.0,14.47514343618457
80.0,45.0,14.481449512156285
80.0,50.0,14.50519773397676
80.0,55.0,14.458468353166444
80.0,60.0,14.474332954870809
80.0,65.0,14.516042280490023
80.0,70.0,14.567932244045906
80.0,75.0,14.599058465852181
80.0,80.0,14.585580558340107
80.0,85.0,14.518357711543237
80.0,90.0,14.534958148663772
85.0,-90.0,14.405611173066939
85.0,-85.0,14.42471994098668
85.0,-80.0,14.486369568130806
85.0,-75.0,14.52070094540724
85.0,-70.0,14.558384517589063
85.0,-65.0,14.523706618420155
85.0,-60.0,14.530189938513436
85.0,-55.0,14.567281610281299
85.0,-50.0,14.56492003064868
85.0,-45.0,14.574235879548368
85.0,-40.0,14.570064641567345
85.0,-35.0,14.544508483861527
85.0,-30.0,14.59818599790862
85.0,-25.0,14.694146141959484
85.0,-20.0,14.582266375285956
85.0,-15.0,14.279842215432398
85.0,-10.0,13.995525255334723
85.0,-5.0,12.638141545214399
85.0,0.0,12.683511420376648
85.0,5.0,13.433476647950883
85.0,10.0,14.170423896250085
85.0,15.0,14.330090354721824
85.0,20.0,14.317888271179886
85.0,25.0,14.336833334795184
85.0,30.0,14.4020334021596
85.0,35.0,14.426928553416499
85.0,40.0,14.467343530464452
85.0,45.0,14.481721231723313
85.0,50.0,14.471008944516774
85.0,55.0,14.437637846800643
85.0,60.0,14.467235772113373
85.0,65.0,14.513394801525441
85.0,70.0,14.55373661053227
85.0,75.0,14.577027615049518
85.0,80.0,14.580097170493154
85.0,85.0,14.520378451385039
85.0,90.0,14.534958148663772
90.0,-90.0,14.405611173066939
90.0,-85.0,14.430821844199967
90.0,-80.0,14.475528720688272
90.0,-75.0,14.525836490136308
90.0,-70.0,14.570181699984415
90.0,-65.0,14.495308349876272
90.0,-60.0,14.57682200812071
90.0,-55.0,14.575865255377428
90.0,-50.0,14.563335272093521
90.0,-45.0,14.624812974399092
90.0,-40.0,14.600741862442792
90.0,-35.0,14.608239382193503
90.0,-30.0,14.68411227378864
90.0,-25.0,14.594595587616729
90.0,-20.0,14.395836080052339
90.0,-15.0,13.975517671906402
90.0,-10.0,13.589864879551184
90.0,-5.0,12.716207887977466
90.0,0.0,12.785982910767482
90.0,5.0,13.782144159673592
90.0,10.0,14.195609304252114
90.0,15.0,14.345233609991736
90.0,20.0,14.360924705445353
90.0,25.0,14.41425916568222
90.0,30.0,14.402058972783065
90.0,35.0,14.435816437425258
90.0,40.0,14.473955410779572
90.0,45.0,14.483658398506776
90.0,50.0,14.394253463401176
90.0,55.0,14.451678890681737
90.0,60.0,14.419307903516414
90.0,65.0,14.511535577276675
90.0,70.0,14.53204553842291
90.0,75.0,14.564871804511242
90.0,80.0,14.593906579063905
90.0,85.0,14.524276735358203
90.0,90.0,14.534958148663772
95.0,-90.0,14.405611173066939
95.0,-85.0,14.426724461860402
95.0,-80.0,14.495616676565731
95.0,-75.0,14.551192084674451
95.0,-70.0,14.561580278953468
95.0,-65.0,14.529962735618103
95.0,-60.0,14.619283978760034
95.0,-55.0,14.606376770230469
95.0,-50.0,14.592896368648198
95.0,-45.0,14.615952947284002
95.0,-40.0,14.605627325317833
95.0,-35.0,14.615425706909063
95.0,-30.0,14.530783992042583
95.0,-25.0,14.368795439703028
95.0,-20.0,14.180339445659753
95.0,-15.0,13.918166584975022
95.0,-10.0,13.74608843859943
95.0,-5.0,12.7788165000373
95.0,0.0,12.769947058288304
95.0,5.0,14.124519968542053
95.0,10.0,14.248762882988169
95.0,15.0,14.28163699964188
95.0,20.0,14.352176283659222
95.0,25.0,14.415452833784677
95.0,30.0,14.423140123468327
95.0,35.0,14.425566242248332
95.0,40.0,14.469494075927091
95.0,45.0,14.448035870151687
95.0,50.0,14.364913817365089
95.0,55.0,14.421600313688009
95.0,60.0,14.41532223316147
95.0,65.0,14.485590486396822
95.0,70.0,14.544449740541166
95.0,75.0,14.573298481551388
95.0,80.0,14.59114689021428
95.0,85.0,14.53883809825817
95.0,90.0,14.534958148663772
100.0,-90.0,14.405611173066939
100.0,-85.0,14.430053699003128
100.0,-80.0,14.506303649374393
100.0,-75.0,14.555994813346087
100.0,-70.0,14.56431817238431
100.0,-65.0,14.592029359330317
100.0,-60.0,14.646904442918482
100.0,-55.0,14.63683004695847
100.0,-50.0,14.641130487274607
100.0,-45.0,14.638296366505715
100.0,-40.0,14.591083962335729
100.0,-35.0,14.562357196646728
100.0,-30.0,14.36647203986035
100.0,-25.0,14.252134566323688
100.0,-20.0,13.816077518926924
100.0,-15.0,13.784426507637757
100.0,-10.0,13.946051873725596
100.0,-5.0,13.206918033544374
100.0,0.0,12.728390142474495
100.0,5.0,14.284238877772301
100.0,10.0,14.345467798880545
100.0,15.0,14.286925480869831
100.0,20.0,14.376911386906704
100.0,25.0,14.418754381621874
100.0,30.0,14.444004451988192
100.0,35.0,14.482963866833867
100.0,40.0,14.47337498165449
100.0,45.0,14.422878981668868
100.0,50.0,14.346727163327138
100.0,55.0,14.371299035573228
100.0,60.0,14.364341011120262
100.0,65.0,14.48606116535019
100.0,70.0,14.535656643761072
100.0,75.0,14.559061800645177
100.0,80.0,14.586636173271767
100.0,85.0,14.542496601219165
100.0,90.0,14.534958148663772
105.0,-90.0,14.405611173066939
105.0,-85.0,14.430421748794958
105.0,-80.0,14.533480932908637
105.0,-75.0,14.563260906063915
105.0,-70.0,14.626197443620342
105.0,-65.0,14.611835183535407
105.0,-60.0,14.66819657474234
105.0,-55.0,14.660992859484223
105.0,-50.0,14.670615961191674
105.0,-45.0,14.63280344105016
105.0,-40.0,14.505138119305999
105.0,-35.0,14.35630883848678
105.0,-30.0,14.231826850369368
105.0,-25.0,14.100727127018443
105.0,-20.0,13.73922063625671
105.0,-15.0,13.655108818425141
105.0,-10.0,13.996864354157918
105.0,-5.0,13.594431823245252
105.0,0.0,12.699888058552348
105.0,5.0,13.411019919005994
105.0,10.0,14.245910327299931
105.0,15.0,14.333438751726687
105.0,20.0,14.365869006220231
105.0,25.0,14.426216173928117
105.0,30.0,14.40135583441766
105.0,35.0,14.40326898041326
105.0,40.0,14.474299193130685
105.0,45.0,14.444345948117256
105.0,50.0,14.342376280267947
105.0,55.0,14.368653556092612
105.0,60.0,14.37621201497407
105.0,65.0,14.500768551340212
105.0,70.0,14.532313552905274
105.0,75.0,14.561791276674692
105.0,80.0,14.55586548701115
105.0,85.0,14.549266208134123
105.0,90.0,14.534958148663772
110.0,-90.0,14.405611173066939
110.0,-85.0,14.43596539286148
110.0,-80.0,14.53813482685166
110.0,-75.0,14.591100629993697
110.0,-70.0,14.64080674117295
110.0,-65.0,14.670834751253505
110.0,-60.0,14.691581408483783
110.0,-55.0,14.667249676647032
110.0,-50.0,14.659180762073651
110.0,-45.0,14.523131128106114
110.0,-40.0,14.372874191849736
110.0,-35.0,14.263282713172014
110.0,-30.0,14.243050391652735
110.0,-25.0,13.994480677547793
110.0,-20.0,13.651952199029417
110.0,-15.0,13.831170457674082
110.0,-10.0,13.359229587969587
110.0,-5.0,12.869594749781003
110.0,0.0,12.645011733650387
110.0,5.0,12.974829815488306
110.0,10.0,14.107068327747967
110.0,15.0,14.252837913111799
110.0,20.0,14.314734935883713
110.0,25.0,14.386365934797512
110.0,30.0,14.41052324595513
110.0,35.0,14.409586100338016
110.0,40.0,14.45261288543601
110.0,45.0,14.402787104986677
110.0,50.0,14.37251110918747
110.0,55.0,14.411472023181584
110.0,60.0,14.397089678728175
110.0,65.0,14.4928786898386
110.0,70.0,14.512028973531946
110.0,75.0,14.543162697203638
110.0,80.0,14.56257336387757
110.0,85.0,14.539015422538105
110.0,90.0,14.534958148663772
115.0,-90.0,14.405611173066939
115.0,-85.0,14.430785177636185
115.0,-80.0,14.546596081977517
115.0,-75.0,14.670529943927518
115.0,-70.0,14.668699075472945
115.0,-65.0,14.715494303778293
115.0,-60.0,14.673140955817505
115.0,-55.0,14.667630769845504
115.0,-50.0,14.65435284661169
115.0,-45.0,14.444240778557342
115.0,-40.0,14.266882930916701
115.0,-35.0,14.161888716332047
115.0,-30.0,14.123104556056745
115.0,-25.0,13.971591100395916
115.0,-20.0,13.676074061814791
115.0,-15.0,13.828803540969082
115.0,-10.0,13.967194779707926
115.0,-5.0,13.741814667082318
115.0,0.0,12.62191828853573
115.0,5.0,13.043216437031862
115.0,10.0,14.075641133345705
115.0,15.0,14.190431338976557
115.0,20.0,14.271105619359089
115.0,25.0,14.339347590603003
115.0,30.0,14.386872131792032
115.0,35.0,14.386446209416336
115.0,40.0,14.395028674413984
115.0,45.0,14.40453810945874
115.0,50.0,14.422309421953983
115.0,55.0,14.410449161688167
115.0,60.0,14.363087274430795
115.0,65.0,14.491448258718234
115.0,70.0,14.532179839159737
115.0,75.0,14.565934955497669
115.0,80.0,14.573722170850003
115.0,85.0,14.536266327067464
115.0,90.0,14.534958148663772
120.0,-90.0,14.405611173066939
120.0,-85.0,14.438884762797418
120.0,-80.0,14.561934029003725
120.0,-75.0,14.635223038018077
120.0,-70.0,14.727019014523291
120.0,-65.0,14.737717038297191
120.0,-60.0,14.71173107419294
120.0,-55.0,14.698912210558479
120.0,-50.0,14.588150940266118
120.0,-45.0,14.414685379585976
120.0,-40.0,14.223624120505088
120.0,-35.0,14.093570338812114
120.0,-30.0,14.058399347259614
120.0,-25.0,13.970318362133243
120.0,-20.0,13.752361066189534
120.0,-15.0,13.827837397296836
120.0,-10.0,14.009498767595083
120.0,-5.0,13.153484449287369
120.0,0.0,12.591649736179
120.0,5.0,13.26607281614943
120.0,10.0,14.141267840966494
120.0,15.0,14.223421986614916
120.0,20.0,14.234941509894476
120.0,25.0,14.272548266125556
120.0,30.0,14.31832923940133
120.0,35.0,14.37981590160026
120.0,40.0,14.377875172707164
120.0,45.0,14.327390974379936
120.0,50.0,14.391842049623854
120.0,55.0,14.488622107966727
120.0,60.0,14.452106661024903
120.0,65.0,14.51237661562001
120.0,70.0,14.557161865297019
120.0,75.0,14.58540399086249
120.0,80.0,14.58076648989885
120.0,85.0,14.548936452047704
120.0,90.0,14.534958148663772
125.0,-90.0,14.405611173066939
125.0,-85.0,14.445548312411931
125.0,-80.0,14.602672632001001
125.0,-75.0,14.619400407689925
125.0,-70.0,14.806106244421386
125.0,-65.0,14.733341407143591
125.0,-60.0,14.696731844770305
125.0,-55.0,14.647165189098619
125.0,-50.0,14.563933597106749
125.0,-45.0,14.333809734733025
125.0,-40.0,14.19976026111895
125.0,-35.0,14.135619170384917
125.0,-30.0,14.05467184564419
125.0,-25.0,13.9620225432054
125.0,-20.0,13.880444631028475
125.0,-15.0,13.946597020311456
125.0,-10.0,14.074383123535913
125.0,-5.0,12.89646499207896
125.0,0.0,12.502684776553485
125.0,5.0,13.473147521126744
125.0,10.0,14.140981980976973
125.0,15.0,14.147786466093537
125.0,20.0,14.227142059765594
125.0,25.0,14.206392473516424
125.0,30.0,14.2475408342732
125.0,35.0,14.35774548524862
125.0,40.0,14.321610915584278
125.0,45.0,14.260655277240875
125.0,50.0,14.394079928903626
125.0,55.0,14.50047295474743
125.0,60.0,14.465880854225203
125.0,65.0,14.550955393507525
125.0,70.0,14.56663246434808
125.0,75.0,14.599215443191145
125.0,80.0,14.587778596623382
125.0,85.0,14.520121729058035
125.0,90.0,14.534958148663772
130.0,-90.0,14.405611173066939
130.0,-85.0,14.469958807912592
130.0,-80.0,14.588543132767786
130.0,-75.0,14.718824816128857
130.0,-70.0,14.804396741910105
130.0,-65.0,14.726302292346123
130.0,-60.0,14.688391711101954
130.0,-55.0,14.657760566299364
130.0,-50.0,14.519210917710927
130.0,-45.0,14.269200210229762
130.0,-40.0,14.17841833342274
130.0,-35.0,14.098600196581947
130.0,-30.0,14.035168361823258
130.0,-25.0,13.968062956077873
130.0,-20.0,13.923958305122682
130.0,-15.0,14.01704678678992
130.0,-10.0,13.985849347560928
130.0,-5.0,13.097486203219617
130.0,0.0,12.85701731708807
130.0,5.0,13.301443675444288
130.0,10.0,14.144046059690915
130.0,15.0,14.09181116725298
130.0,20.0,14.176514145257256
130.0,25.0,14.202249072180866
130.0,30.0,14.232725434693732
130.0,35.0,14.29522024219
130.0,40.0,14.342407367164292
130.0,45.0,14.264590696406284
130.0,50.0,14.340293507644995
130.0,55.0,14.482397159568597
130.0,60.0,14.507361594702685
130.0,65.0,14.556106224992696
130.0,70.0,14.592560721484306
130.0,75.0,14.603831868192971
130.0,80.0,14.608459686281902
130.0,85.0,14.525808961447359
130.0,90.0,14.534958148663772
135.0,-90.0,14.405611173066939
135.0,-85.0,14.47990331820981
135.0,-80.0,14.601685025380519
135.0,-75.0,14.736165277864188
135.0,-70.0,14.766999965850852
135.0,-65.0,14.762558211369981
135.0,-60.0,14.73562652561968
135.0,-55.0,14.630091925787346
135.0,-50.0,14.457786559693737
135.0,-45.0,14.205845355422385
135.0,-40.0,14.107659347283844
135.0,-35.0,14.089417172231332
135.0,-30.0,14.04714869979374
135.0,-25.0,13.9327560879959
135.0,-20.0,13.96196920764426
135.0,-15.0,13.935759459688922
135.0,-10.0,13.59802575081231
135.0,-5.0,13.123970967535131
135.0,0.0,12.914713670498225
135.0,5.0,13.458629372186758
135.0,10.0,14.22949907258863
135.0,15.0,14.140079097887545
135.0,20.0,14.110718285204424
135.0,25.0,14.186776376457575
135.0,30.0,14.201728645149831
135.0,35.0,14.309269987915199
135.0,40.0,14.350944437787154
135.0,45.0,14.317290187000623
135.0,50.0,14.357656095572542
135.0,55.0,14.466604452415638
135.0,60.0,14.505322848404404
135.0,65.0,14.555874223474685
135.0,70.0,14.583562495380248
135.0,75.0,14.597385193421223
135.0,80.0,14.621933721872464
135.0,85.0,14.530798635384201
135.0,90.0,14.534958148663772
140.0,-90.0,14.405611173066939
140.0,-85.0,14.473307274013637
140.0,-80.0,14.59501963268109
140.0,-75.0,14.748301990750067
140.0,-70.0,14.67869843633597
140.0,-65.0,14.751341521706829
140.0,-60.0,14.759107204079944
140.0,-55.0,14.6066192682423
140.0,-50.0,14.369423464389463
140.0,-45.0,14.203725060331841
140.0,-40.0,14.095370774871697
140.0,-35.0,14.064664159514987
140.0,-30.0,13.957395917704236
140.0,-25.0,13.8860954380797
140.0,-20.0,13.904550004261653
140.0,-15.0,13.973050038440034
140.0,-10.0,13.853200943112622
140.0,-5.0,12.968866395444392
140.0,0.0,12.877279797799119
140.0,5.0,14.081976226013882
140.0,10.0,14.233886654525252
140.0,15.0,14.168860260844102
140.0,20.0,14.159849752019738
140.0,25.0,14.16388934960082
140.0,30.0,14.189653276763059
140.0,35.0,14.299010715746197
140.0,40.0,14.394393089777996
140.0,45.0,14.347754704399573
140.0,50.0,14.345463443111603
140.0,55.0,14.414131962354064
140.0,60.0,14.456342068919751
140.0,65.0,14.559976690938802
140.0,70.0,14.579938483146664
140.0,75.0,14.603640330694851
140.0,80.0,14.617973997587974
140.0,85.0,14.54527203052108
140.0,90.0,14.534958148663772
145.0,-90.0,14.405611173066939
145.0,-85.0,14.466790041922799
145.0,-80.0,14.599959404749976
145.0,-75.0,14.739683984395649
145.0,-70.0,14.76397533506188
145.0,-65.0,14.766477653798555
145.0,-60.0,14.74463714100076
145.0,-55.0,14.567496553459819
145.0,-50.0,14.30770720829703
145.0,-45.0,14.144993614027387
145.0,-40.0,14.078448354178146
145.0,-35.0,13.992944071226635
145.0,-30.0,13.858951759657957
145.0,-25.0,13.721185908142989
145.0,-20.0,13.882528101353792
145.0,-15.0,14.015521858471164
145.0,-10.0,14.080843848672844
145.0,-5.0,12.737829406327599
145.0,0.0,12.420595520434818
145.0,5.0,13.009819137785355
145.0,10.0,14.11996647527791
145.0,15.0,14.14872600564573
145.0,20.0,14.150265893781535
145.0,25.0,14.13579690369882
145.0,30.0,14.16763516085098
145.0,35.0,14.27740646240944
145.0,40.0,14.367522492737393
145.0,45.0,14.33993487077154
145.0,50.0,14.3603745190086
145.0,55.0,14.424040195808338
145.0,60.0,14.462642395720653
145.0,65.0,14.559501120947326
145.0,70.0,14.579775508788986
145.0,75.0,14.607195829672557
145.0,80.0,14.599823361484695
145.0,85.0,14.525534001779684
145.0,90.0,14.534958148663772
150.0,-90.0,14.405611173066939
150.0,-85.0,14.463896688014177
150.0,-80.0,14.602501916796706
150.0,-75.0,14.730377440370681
150.0,-70.0,14.757154896884478
150.0,-65.0,14.775311365522441
150.0,-60.0,14.74393983472429
150.0,-55.0,14.597949953081928
150.0,-50.0,14.318178995171564
150.0,-45.0,14.099876734023207
150.0,-40.0,14.04821215950476
150.0,-35.0,13.933655551560253
150.0,-30.0,13.718129626249132
150.0,-25.0,13.543854721532595
150.0,-20.0,13.920688123093381
150.0,-15.0,14.070043337034457
150.0,-10.0,14.062273104991906
150.0,-5.0,12.72064421902988
150.0,0.0,12.331723222138548
150.0,5.0,13.021182077608065
150.0,10.0,14.061020930150288
150.0,15.0,14.147083326422846
150.0,20.0,14.209473795661188
150.0,25.0,14.15720977664753
150.0,30.0,14.153346716067835
150.0,35.0,14.230034328330868
150.0,40.0,14.325371726827148
150.0,45.0,14.308607643680691
150.0,50.0,14.32042758554213
150.0,55.0,14.374496422778945
150.0,60.0,14.42946946247939
150.0,65.0,14.564272137695713
150.0,70.0,14.577559664224664
150.0,75.0,14.606326806069248
150.0,80.0,14.594572052296579
150.0,85.0,14.546211383152619
150.0,90.0,14.534958148663772
155.0,-90.0,14.405611173066939
155.0,-85.0,14.488276483136652
155.0,-80.0,14.60529691268878
155.0,-75.0,14.72302426214045
155.0,-70.0,14.757204821700073
155.0,-65.0,14.759145573987402
155.0,-60.0,14.687984584019285
155.0,-55.0,14.503526166756762
155.0,-50.0,14.209218345545787
155.0,-45.0,14.024379589637094
155.0,-40.0,13.99365886670714
155.0,-35.0,13.911708487730325
155.0,-30.0,13.646645924137575
155.0,-25.0,13.573454382403648
155.0,-20.0,13.980359745666934
155.0,-15.0,14.065843512888472
155.0,-10.0,14.059884856453772
155.0,-5.0,12.38332686410176
155.0,0.0,12.336732404037726
155.0,5.0,13.135746599916297
155.0,10.0,13.922130328757047
155.0,15.0,14.066845163070061
155.0,20.0,14.209765657025233
155.0,25.0,14.161373529067438
155.0,30.0,14.134937741330866
155.0,35.0,14.20769860038666
155.0,40.0,14.230228367219377
155.0,45.0,14.304810337313437
155.0,50.0,14.326895367370476
155.0,55.0,14.306422088412365
155.0,60.0,14.39581393156443
155.0,65.0,14.539036723117492
155.0,70.0,14.581760110835832
155.0,75.0,14.592018018295985
155.0,80.0,14.589029784771704
155.0,85.0,14.529683955194397
155.0,90.0,14.534958148663772
160.0,-90.0,14.405611173066939
160.0,-85.0,14.485435432972531
160.0,-80.0,14.60371567818855
160.0,-75.0,14.72831975730033
160.0,-70.0,14.769503286211116
160.0,-65.0,14.73302516253259
160.0,-60.0,14.679459225506264
160.0,-55.0,14.477124704955067
160.0,-50.0,14.215162786430424
160.0,-45.0,14.042484663470223
160.0,-40.0,13.977226319523021
160.0,-35.0,13.93226633106602
160.0,-30.0,13.694488171878039
160.0,-25.0,13.63076712424114
160.0,-20.0,13.931448215740954
160.0,-15.0,14.017869330777117
160.0,-10.0,13.920072532969515
160.0,-5.0,12.400899293727694
160.0,0.0,12.251896829202717
160.0,5.0,12.72830642824199
160.0,10.0,13.82078558063627
160.0,15.0,13.951746710717632
160.0,20.0,13.974130075126652
160.0,25.0,14.102784055305104
160.0,30.0,14.10991660962487
160.0,35.0,14.150058004039959
160.0,40.0,14.153956734879225
160.0,45.0,14.250736122973743
160.0,50.0,14.275725283540602
160.0,55.0,14.26766607904416
160.0,60.0,14.378673248712351
160.0,65.0,14.52984512343505
160.0,70.0,14.56697186881135
160.0,75.0,14.550518785486265
160.0,80.0,14.578555208025415
160.0,85.0,14.53926155459145
160.0,90.0,14.534958148663772
165.0,-90.0,14.405611173066939
165.0,-85.0,14.490606716454879
165.0,-80.0,14.587981043386561
165.0,-75.0,14.728701690417488
165.0,-70.0,14.739300397203257
165.0,-65.0,14.71574652333784
165.0,-60.0,14.641471827702363
165.0,-55.0,14.462802288813966
165.0,-50.0,14.228301820556588
165.0,-45.0,14.039476302010543
165.0,-40.0,13.98858121753896
165.0,-35.0,13.924656160532454
165.0,-30.0,13.717942778992306
165.0,-25.0,13.440663613886523
165.0,-20.0,13.71554567080344
165.0,-15.0,13.854029232897103
165.0,-10.0,13.850947361912125
165.0,-5.0,12.473128002362138
165.0,0.0,12.241804975049705
165.0,5.0,13.185837581290734
165.0,10.0,13.726310229551498
165.0,15.0,13.883693813491895
165.0,20.0,13.83067325009976
165.0,25.0,13.910325990890323
165.0,30.0,14.0505561435434
165.0,35.0,14.112306408367836
165.0,40.0,14.107171616324027
165.0,45.0,14.211088394607723
165.0,50.0,14.212138763677387
165.0,55.0,14.254770178244968
165.0,60.0,14.34438453516422
165.0,65.0,14.48829417006337
165.0,70.0,14.56239754248655
165.0,75.0,14.545855099270586
165.0,80.0,14.543936778985062
165.0,85.0,14.536401940435566
165.0,90.0,14.534958148663772
170.0,-90.0,14.405611173066939
170.0,-85.0,14.49736056213266
170.0,-80.0,14.585490578108935
170.0,-75.0,14.705558245423216
170.0,-70.0,14.723300572355857
170.0,-65.0,14.694306951301625
170.0,-60.0,14.634432376618562
170.0,-55.0,14.477554327775007
170.0,-50.0,14.21789830446085
170.0,-45.0,14.03940033032313
170.0,-40.0,13.961378321579742
170.0,-35.0,13.926416928949838
170.0,-30.0,13.70479513316886
170.0,-25.0,13.40833026714512
170.0,-20.0,13.619617391785196
170.0,-15.0,13.75396962378603
170.0,-10.0,13.842190352331563
170.0,-5.0,12.202306802157164
170.0,0.0,12.074522193398012
170.0,5.0,12.115223223081363
170.0,10.0,13.350813494510334
170.0,15.0,13.718612864467044
170.0,20.0,13.805674563818139
170.0,25.0,13.810885606343692
170.0,30.0,13.925135992643217
170.0,35.0,13.99131059190704
170.0,40.0,14.05327852804202
170.0,45.0,14.137960616285154
170.0,50.0,14.183850786783836
170.0,55.0,14.203609869957754
170.0,60.0,14.320030909604942
170.0,65.0,14.473790115425038
170.0,70.0,14.563056710028418
170.0,75.0,14.571781297422328
170.0,80.0,14.539591411411795
170.0,85.0,14.549003415132082
170.0,90.0,14.534958148663772
175.0,-90.0,14.405611173066939
175.0,-85.0,14.510468174535692
175.0,-80.0,14.605974611655776
175.0,-75.0,14.686179221549514
175.0,-70.0,14.686335216295948
175.0,-65.0,14.692564715486279
175.0,-60.0,14.647958775592915
175.0,-55.0,14.483212993741516
175.0,-50.0,14.288192543765334
175.0,-45.0,14.111857445257183
175.0,-40.0,14.042324332831189
175.0,-35.0,13.892394662180939
175.0,-30.0,13.70989788599123
175.0,-25.0,13.534040688535796
175.0,-20.0,13.646223125572726
175.0,-15.0,13.601602618196399
175.0,-10.0,13.534351974135285
175.0,-5.0,12.17315649336372
175.0,0.0,12.455356327121136
175.0,5.0,11.958810930195918
175.0,10.0,13.001155671065538
175.0,15.0,13.428917738771139
175.0,20.0,13.743900822338723
175.0,25.0,13.721248901315537
175.0,30.0,13.828568975955356
175.0,35.0,13.947931647129082
175.0,40.0,14.006141481682333
175.0,45.0,14.10768990192911
175.0,50.0,14.11969773882591
175.0,55.0,14.095309610480315
175.0,60.0,14.304014207637325
175.0,65.0,14.467226378707936
175.0,70.0,14.574630007318328
175.0,75.0,14.578851922229537
175.0,80.0,14.513090567319797
175.0,85.0,14.529315417025778
175.0,90.0,14.534958148663772
180.0,-90.0,14.405611173066939
180.0,-85.0,14.503940444875049
180.0,-80.0,14.589255928500679
180.0,-75.0,14.664911075196315
180.0,-70.0,14.694904879643445
180.0,-65.0,14.68361031787169
180.0,-60.0,14.67262104023244
180.0,-55.0,14.548177079788879
180.0,-50.0,14.36603381581413
180.0,-45.0,14.156521862241515
180.0,-40.0,14.046806036064076
180.0,-35.0,13.90717721014695
180.0,-30.0,13.762453170682537
180.0,-25.0,13.607517692853945
180.0,-20.0,13.623484857520205
180.0,-15.0,13.446788275858792
180.0,-10.0,13.094567084065787
180.0,-5.0,12.36812669856168
180.0,0.0,12.037489057533028
180.0,5.0,12.132267982216696
180.0,10.0,13.466388755899624
180.0,15.0,13.666900387909767
180.0,20.0,13.751370453554529
180.0,25.0,13.765148452402467
180.0,30.0,13.810859925487495
180.0,35.0,13.94074203803438
180.0,40.0,14.020554768060661
180.0,45.0,14.084186179598845
180.0,50.0,14.154267503087743
180.0,55.0,14.137930987534034
180.0,60.0,14.275362337323589
180.0,65.0,14.489946911081388
180.0,70.0,14.586693229198593
180.0,75.0,14.592947516884022
180.0,80.0,14.513218276588947
180.0,85.0,14.54635447048103
180.0,90.0,14.534958148663772
185.0,-90.0,14.405611173066939
185.0,-85.0,14.510462390834343
185.0,-80.0,14.574292389119996
185.0,-75.0,14.633207771238904
185.0,-70.0,14.636326250566961
185.0,-65.0,14.703524088768116
185.0,-60.0,14.648997286411266
185.0,-55.0,14.591692749882393
185.0,-50.0,14.390090947967309
185.0,-45.0,14.204454288242756
185.0,-40.0,14.008130761034383
185.0,-35.0,13.913551449058902
185.0,-30.0,13.794980664968067
185.0,-25.0,13.605005243461457
185.0,-20.0,13.58355590344641
185.0,-15.0,13.425081580419551
185.0,-10.0,12.955866986163139
185.0,-5.0,12.041614510356535
185.0,0.0,12.174992566232577
185.0,5.0,12.625470841877107
185.0,10.0,13.579029043050507
185.0,15.0,13.682419938599265
185.0,20.0,13.81141889524432
185.0,25.0,13.826651076706831
185.0,30.0,13.850059337868881
185.0,35.0,13.960725542142846
185.0,40.0,14.036731169166876
185.0,45.0,14.09656512143323
185.0,50.0,14.079755719241684
185.0,55.0,14.111513960403858
185.0,60.0,14.220091545497121
185.0,65.0,14.511009438142365
185.0,70.0,14.588047866611937
185.0,75.0,14.595122340449741
185.0,80.0,14.516708194153557
185.0,85.0,14.546884739029737
185.0,90.0,14.534958148663772
190.0,-90.0,14.405611173066939
190.0,-85.0,14.50413145167125
190.0,-80.0,14.572141209826126
190.0,-75.0,14.583842519562046
190.0,-70.0,14.603242870684822
190.0,-65.0,14.685257415566005
190.0,-60.0,14.638149986766232
190.0,-55.0,14.572767102194254
190.0,-50.0,14.422879565700482
190.0,-45.0,14.235437225484556
190.0,-40.0,13.99464127007275
190.0,-35.0,13.946277096384703
190.0,-30.0,13.76915422871913
190.0,-25.0,13.534494713036825
190.0,-20.0,13.523966667010118
190.0,-15.0,13.459272684638963
190.0,-10.0,13.015001622318179
190.0,-5.0,12.221325570542755
190.0,0.0,12.107303434709557
190.0,5.0,12.342539842157036
190.0,10.0,13.552794372240896
190.0,15.0,13.774404149310918
190.0,20.0,13.836515829515516
190.0,25.0,13.938193528330025
190.0,30.0,13.930624755536973
190.0,35.0,13.969979685054463
190.0,40.0,14.02514131765462
190.0,45.0,14.064776211627915
190.0,50.0,14.054512912149333
190.0,55.0,14.12663682612363
190.0,60.0,14.332164807552369
190.0,65.0,14.5007505879859
190.0,70.0,14.579865104656724
190.0,75.0,14.57899555107354
190.0,80.0,14.539717500468072
190.0,85.0,14.563622290039277
190.0,90.0,14.534958148663772
195.0,-90.0,14.405611173066939
195.0,-85.0,14.50735486707422
195.0,-80.0,14.578925573963872
195.0,-75.0,14.56812567938567
195.0,-70.0,14.57338438325104
195.0,-65.0,14.615892783683947
195.0,-60.0,14.59777200498741
195.0,-55.0,14.596344667200677
195.0,-50.0,14.449860295268335
195.0,-45.0,14.230216113661427
195.0,-40.0,14.128880998934678
195.0,-35.0,14.038510483459506
195.0,-30.0,13.828294218342776
195.0,-25.0,13.71583513726093
195.0,-20.0,13.580596705599932
195.0,-15.0,13.675632866159505
195.0,-10.0,13.263325799035544
195.0,-5.0,12.163002249092767
195.0,0.0,12.12346028648848
195.0,5.0,12.277727733938447
195.0,10.0,13.515478358985371
195.0,15.0,13.79091872203483
195.0,20.0,13.90822002593096
195.0,25.0,14.012995093563893
195.0,30.0,14.030468296311929
195.0,35.0,14.01619522775223
195.0,40.0,14.04848297039402
195.0,45.0,14.026177968721155
195.0,50.0,14.02755996573935
195.0,55.0,14.130141215826947
195.0,60.0,14.373798621275332
195.0,65.0,14.551405037376494
195.0,70.0,14.59785274287878
195.0,75.0,14.597215670001845
195.0,80.0,14.546353637476189
195.0,85.0,14.583421491201582
195.0,90.0,14.534958148663772
200.0,-90.0,14.405611173066939
200.0,-85.0,14.503004834881747
200.0,-80.0,14.556291043487022
200.0,-75.0,14.559391446949572
200.0,-70.0,14.52934384479406
200.0,-65.0,14.62512934378495
200.0,-60.0,14.596400141731355
200.0,-55.0,14.552571775710959
200.0,-50.0,14.467858512596587
200.0,-45.0,14.303068313995986
200.0,-40.0,14.21144783164336
200.0,-35.0,14.121900124424844
200.0,-30.0,14.023946024160582
200.0,-25.0,13.794925412348833
200.0,-20.0,13.796791441991633
200.0,-15.0,13.772983232965148
200.0,-10.0,13.510187481053972
200.0,-5.0,12.04955627003185
200.0,0.0,11.9913704073319
200.0,5.0,12.285792165370234
200.0,10.0,13.25691741597747
200.0,15.0,13.815813078105084
200.0,20.0,13.95549095592536
200.0,25.0,14.040422121685856
200.0,30.0,14.084066407305112
200.0,35.0,14.04309307753789
200.0,40.0,14.053278978649322
200.0,45.0,14.007878197391136
200.0,50.0,14.022363333901595
200.0,55.0,14.1795385518421
200.0,60.0,14.427700949294037
200.0,65.0,14.56163600258715
200.0,70.0,14.612634003995465
200.0,75.0,14.616003996372145
200.0,80.0,14.570650907197448
200.0,85.0,14.594297956519428
200.0,90.0,14.534958148663772
205.0,-90.0,14.405611173066939
205.0,-85.0,14.4915031711419
205.0,-80.0,14.546992909386969
205.0,-75.0,14.538729679271043
205.0,-70.0,14.492597597313852
205.0,-65.0,14.567035429363393
205.0,-60.0,14.586944423132158
205.0,-55.0,14.552921324586967
205.0,-50.0,14.504695212355607
205.0,-45.0,14.391843971358933
205.0,-40.0,14.342003344927582
205.0,-35.0,14.247347529689502
205.0,-30.0,14.153905994299476
205.0,-25.0,13.94474822493062
205.0,-20.0,13.871935316771763
205.0,-15.0,13.8134192474974
205.0,-10.0,13.60059571406445
205.0,-5.0,12.341009554532693
205.0,0.0,12.455119490356116
205.0,5.0,12.43565854985225
205.0,10.0,13.191096100393
205.0,15.0,13.716964297712453
205.0,20.0,13.950230530513135
205.0,25.0,14.039190326478177
205.0,30.0,14.06506787474523
205.0,35.0,14.062420077639088
205.0,40.0,14.047546802883243
205.0,45.0,14.016232608795121
205.0,50.0,14.050515731351336
205.0,55.0,14.179813922328545
205.0,60.0,14.429894311250932
205.0,65.0,14.608507123100017
205.0,70.0,14.617965924781151
205.0,75.0,14.603022688243387
205.0,80.0,14.581628534799503
205.0,85.0,14.590223326256002
205.0,90.0,14.534958148663772
210.0,-90.0,14.405611173066939
210.0,-85.0,14.484914978992629
210.0,-80.0,14.523634706976155
210.0,-75.0,14.516242062842664
210.0,-70.0,14.48085352976811
210.0,-65.0,14.528122884467015
210.0,-60.0,14.593444642399383
210.0,-55.0,14.584044969129378
210.0,-50.0,14.55176857379222
210.0,-45.0,14.550731111805971
210.0,-40.0,14.415634409395755
210.0,-35.0,14.368525402883195
210.0,-30.0,14.220400148660142
210.0,-25.0,14.016410554993268
210.0,-20.0,13.933500806787148
210.0,-15.0,13.826836019839437
210.0,-10.0,13.71563254541344
210.0,-5.0,12.236184592950051
210.0,0.0,12.554370961638954
210.0,5.0,12.593059871282868
210.0,10.0,13.059026942880388
210.0,15.0,13.680163848473306
210.0,20.0,13.863290622139845
210.0,25.0,13.957074923897746
210.0,30.0,13.991156606778754
210.0,35.0,14.041001501533353
210.0,40.0,14.021151710006777
210.0,45.0,14.001188385888373
210.0,50.0,14.013848843854117
210.0,55.0,14.278612556249184
210.0,60.0,14.432086908447992
210.0,65.0,14.607811687058197
210.0,70.0,14.606094186321233
210.0,75.0,14.636102578180704
210.0,80.0,14.605438555656153
210.0,85.0,14.604341135541231
210.0,90.0,14.534958148663772
215.0,-90.0,14.405611173066939
215.0,-85.0,14.481287973347344
215.0,-80.0,14.509461394905985
215.0,-75.0,14.48982111172794
215.0,-70.0,14.444806926544937
215.0,-65.0,14.514304581920149
215.0,-60.0,14.591055385063466
215.0,-55.0,14.636311181088814
215.0,-50.0,14.610042095595139
215.0,-45.0,14.622591218532483
215.0,-40.0,14.515608846026199
215.0,-35.0,14.40886083342171
215.0,-30.0,14.291735580642191
215.0,-25.0,14.004608992581439
215.0,-20.0,14.02845610377323
215.0,-15.0,13.944559756570056
215.0,-10.0,13.704140124864487
215.0,-5.0,12.274144439830348
215.0,0.0,12.57814612479161
215.0,5.0,12.666941518403199
215.0,10.0,13.198612331093582
215.0,15.0,13.541648757984808
215.0,20.0,13.797578632199285
215.0,25.0,13.941722086593149
215.0,30.0,14.007065612768498
215.0,35.0,14.01960352220018
215.0,40.0,14.010003019171469
215.0,45.0,13.991365107941427
215.0,50.0,14.06600274008175
215.0,55.0,14.221791385037987
215.0,60.0,14.464447954581708
215.0,65.0,14.615586325450817
215.0,70.0,14.605576834168334
215.0,75.0,14.638083071013114
215.0,80.0,14.608989420550474
215.0,85.0,14.607900613132967
215.0,90.0,14.534958148663772
220.0,-90.0,14.405611173066939
220.0,-85.0,14.47523426289617
220.0,-80.0,14.492356402424013
220.0,-75.0,14.486287438211958
220.0,-70.0,14.433922835690511
220.0,-65.0,14.481926213509581
220.0,-60.0,14.584369613265803
220.0,-55.0,14.667756109331231
220.0,-50.0,14.677504292292403
220.0,-45.0,14.648196946513968
220.0,-40.0,14.57084092048628
220.0,-35.0,14.426099057805791
220.0,-30.0,14.333741628129802
220.0,-25.0,14.213230118700613
220.0,-20.0,14.171990484383775
220.0,-15.0,14.074456102474617
220.0,-10.0,13.727236211061173
220.0,-5.0,12.344903179533587
220.0,0.0,12.472706046121557
220.0,5.0,12.615441769300531
220.0,10.0,13.198564807464553
220.0,15.0,13.606572885491811
220.0,20.0,13.8523221539248
220.0,25.0,13.948928160034564
220.0,30.0,13.992833745772424
220.0,35.0,13.979541517996076
220.0,40.0,13.97029744547782
220.0,45.0,13.97411736175109
220.0,50.0,14.098491310704716
220.0,55.0,14.258658524127894
220.0,60.0,14.480155096467005
220.0,65.0,14.624468845646327
220.0,70.0,14.583257314187826
220.0,75.0,14.604162545701737
220.0,80.0,14.616576877201386
220.0,85.0,14.622215218393059
220.0,90.0,14.534958148663772
225.0,-90.0,14.405611173066939
225.0,-85.0,14.468433752158292
225.0,-80.0,14.490556902466173
225.0,-75.0,14.499871168326179
225.0,-70.0,14.443204295786924
225.0,-65.0,14.466885288826436
225.0,-60.0,14.549088106792551
225.0,-55.0,14.664142254070047
225.0,-50.0,14.70386977788333
225.0,-45.0,14.673394326360503
225.0,-40.0,14.627411717009469
225.0,-35.0,14.566831771352266
225.0,-30.0,14.451695131973473
225.0,-25.0,14.31276350164366
225.0,-20.0,14.345494899986157
225.0,-15.0,14.167166639381964
225.0,-10.0,13.87936652142894
225.0,-5.0,11.981571770439329
225.0,0.0,12.270885910122654
225.0,5.0,12.512290623319164
225.0,10.0,13.28684637859068
225.0,15.0,13.628187322851192
225.0,20.0,13.934475638457045
225.0,25.0,13.953195705288953
225.0,30.0,13.981141458494331
225.0,35.0,13.9484478912517
225.0,40.0,13.96024833450865
225.0,45.0,13.973955190475966
225.0,50.0,14.015860589756528
225.0,55.0,14.239820745257012
225.0,60.0,14.484801775337065
225.0,65.0,14.550914708987523
225.0,70.0,14.592578239278495
225.0,75.0,14.596005002182334
225.0,80.0,14.611469442564285
225.0,85.0,14.613493700540285
225.0,90.0,14.534958148663772
230.0,-90.0,14.405611173066939
230.0,-85.0,14.471903631406297
230.0,-80.0,14.498290688292043
230.0,-75.0,14.486725213293003
230.0,-70.0,14.449875883335404
230.0,-65.0,14.457322836403673
230.0,-60.0,14.545051903508755
230.0,-55.0,14.639319472606461
230.0,-50.0,14.702563884758266
230.0,-45.0,14.696988689892066
230.0,-40.0,14.662652209385138
230.0,-35.0,14.604795473761413
230.0,-30.0,14.495636773398168
230.0,-25.0,14.414815743945203
230.0,-20.0,14.42818328894255
230.0,-15.0,14.256387279915108
230.0,-10.0,13.783897522721222
230.0,-5.0,12.312905683186456
230.0,0.0,11.538017573045238
230.0,5.0,11.972955214681958
230.0,10.0,13.176531952152601
230.0,15.0,13.641053136220586
230.0,20.0,13.913842767224123
230.0,25.0,13.8971780402674
230.0,30.0,13.867104503800629
230.0,35.0,13.925526506505621
230.0,40.0,13.976282129667517
230.0,45.0,13.949462790192017
230.0,50.0,14.10261534845957
230.0,55.0,14.268829612040935
230.0,60.0,14.477517270118012
230.0,65.0,14.54686527515265
230.0,70.0,14.577848688243082
230.0,75.0,14.600454790477713
230.0,80.0,14.616871275061875
230.0,85.0,14.610475608956168
230.0,90.0,14.534958148663772
235.0,-90.0,14.405611173066939
235.0,-85.0,14.462966671232111
235.0,-80.0,14.506002515653973
235.0,-75.0,14.503511379637526
235.0,-70.0,14.467112496562095
235.0,-65.0,14.44706406349926
235.0,-60.0,14.54887030408237
235.0,-55.0,14.608633860512676
235.0,-50.0,14.640811908688338
235.0,-45.0,14.666543923562307
235.0,-40.0,14.655381195809804
235.0,-35.0,14.603844137939314
235.0,-30.0,14.554464763934131
235.0,-25.0,14.485636407605664
235.0,-20.0,14.422907939471871
235.0,-15.0,14.281460427882292
235.0,-10.0,13.836133192462169
235.0,-5.0,12.133026761028667
235.0,0.0,12.181982719745589
235.0,5.0,12.590468550699036
235.0,10.0,13.329107757985588
235.0,15.0,13.581004074441758
235.0,20.0,13.819709128704007
235.0,25.0,13.912371812250317
235.0,30.0,13.848098917193864
235.0,35.0,13.86929271439909
235.0,40.0,13.899086422220114
235.0,45.0,13.940141798739806
235.0,50.0,14.106608035595727
235.0,55.0,14.401079050885793
235.0,60.0,14.483146526289625
235.0,65.0,14.60497501411492
235.0,70.0,14.621940714887483
235.0,75.0,14.624257449398616
235.0,80.0,14.637673766583909
235.0,85.0,14.61909030568276
235.0,90.0,14.534958148663772
240.0,-90.0,14.405611173066939
240.0,-85.0,14.448423560353003
240.0,-80.0,14.502956487586408
240.0,-75.0,14.496084453861961
240.0,-70.0,14.468648840339533
240.0,-65.0,14.454418191726372
240.0,-60.0,14.517641734518254
240.0,-55.0,14.592221854124405
240.0,-50.0,14.59483446123886
240.0,-45.0,14.605257375789293
240.0,-40.0,14.632197186183612
240.0,-35.0,14.570768874052556
240.0,-30.0,14.539722439955959
240.0,-25.0,14.50273436474157
240.0,-20.0,14.415288033684469
240.0,-15.0,14.278106039620734
240.0,-10.0,13.765865032180033
240.0,-5.0,12.224013875190924
240.0,0.0,12.304598485695381
240.0,5.0,12.444193415329195
240.0,10.0,13.006029083236598
240.0,15.0,13.464073113781733
240.0,20.0,13.833274329460647
240.0,25.0,13.847164118304843
240.0,30.0,13.813209719155244
240.0,35.0,13.824144308486337
240.0,40.0,13.791488853974629
240.0,45.0,13.976525409725493
240.0,50.0,14.206665744709158
240.0,55.0,14.455403290510684
240.0,60.0,14.543717899251003
240.0,65.0,14.592138553637595
240.0,70.0,14.656289042773004
240.0,75.0,14.651223187699882
240.0,80.0,14.663176911052819
240.0,85.0,14.628459299758601
240.0,90.0,14.534958148663772
245.0,-90.0,14.405611173066939
245.0,-85.0,14.449798831297555
245.0,-80.0,14.47494014467256
245.0,-75.0,14.493944633281075
245.0,-70.0,14.461214403652313
245.0,-65.0,14.452023415413521
245.0,-60.0,14.536890795005993
245.0,-55.0,14.555640019271673
245.0,-50.0,14.565342888049846
245.0,-45.0,14.598862759937445
245.0,-40.0,14.610059691476735
245.0,-35.0,14.566619690976758
245.0,-30.0,14.532399005037144
245.0,-25.0,14.477346634149297
245.0,-20.0,14.427620509795977
245.0,-15.0,14.388423747798116
245.0,-10.0,13.653105321438966
245.0,-5.0,12.248255431260112
245.0,0.0,12.355293729110352
245.0,5.0,12.387762476498155
245.0,10.0,12.955643990914062
245.0,15.0,13.564701997934888
245.0,20.0,13.873673644212731
245.0,25.0,13.807319301507379
245.0,30.0,13.886084082538508
245.0,35.0,13.929786223332696
245.0,40.0,13.930443957626524
245.0,45.0,14.156199048079106
245.0,50.0,14.307782636538985
245.0,55.0,14.406827409722807
245.0,60.0,14.556043329991299
245.0,65.0,14.626563071665268
245.0,70.0,14.653245185500044
245.0,75.0,14.661098555288676
245.0,80.0,14.670580735714907
245.0,85.0,14.617313870949275
245.0,90.0,14.534958148663772
250.0,-90.0,14.405611173066939
250.0,-85.0,14.448625490969825
250.0,-80.0,14.458629854622504
250.0,-75.0,14.46323283808526
250.0,-70.0,14.438289595725346
250.0,-65.0,14.441248809929682
250.0,-60.0,14.522621323246081
250.0,-55.0,14.562357319027129
250.0,-50.0,14.552348418607952
250.0,-45.0,14.578468603302083
250.0,-40.0,14.581043542813763
250.0,-35.0,14.590343719729445
250.0,-30.0,14.53192717027402
250.0,-25.0,14.496662031586423
250.0,-20.0,14.445293654598059
250.0,-15.0,14.355995100869608
250.0,-10.0,13.719218111150285
250.0,-5.0,12.66757493878339
250.0,0.0,12.259587066823219
250.0,5.0,12.46596039835305
250.0,10.0,13.40269142208956
250.0,15.0,13.536237125187261
250.0,20.0,13.90616968285883
250.0,25.0,14.036877936761826
250.0,30.0,14.078945094724252
250.0,35.0,14.134989327811505
250.0,40.0,14.092276477182695
250.0,45.0,14.243221733523683
250.0,50.0,14.399494083436581
250.0,55.0,14.535610553867826
250.0,60.0,14.598558538724392
250.0,65.0,14.632607855166084
250.0,70.0,14.673366791324016
250.0,75.0,14.679586464579115
250.0,80.0,14.664021327215409
250.0,85.0,14.617104290367628
250.0,90.0,14.534958148663772
255.0,-90.0,14.405611173066939
255.0,-85.0,14.434259463664333
255.0,-80.0,14.451436015121704
255.0,-75.0,14.427036813964891
255.0,-70.0,14.461545766688173
255.0,-65.0,14.441517830112291
255.0,-60.0,14.508045477271045
255.0,-55.0,14.539048490389016
255.0,-50.0,14.508287138325567
255.0,-45.0,14.51562863226247
255.0,-40.0,14.56495871027918
255.0,-35.0,14.561185512972129
255.0,-30.0,14.572560724041677
255.0,-25.0,14.508808555256739
255.0,-20.0,14.483311184884364
255.0,-15.0,14.330589154903175
255.0,-10.0,13.95515737624561
255.0,-5.0,12.13205225443596
255.0,0.0,12.471459817342215
255.0,5.0,12.285495875083784
255.0,10.0,13.161946907638452
255.0,15.0,13.646231352650748
255.0,20.0,14.078559678131834
255.0,25.0,14.172187134117275
255.0,30.0,14.198622199060166
255.0,35.0,14.228935915585568
255.0,40.0,14.195261973638665
255.0,45.0,14.30681079230301
255.0,50.0,14.453667527616709
255.0,55.0,14.55830495759066
255.0,60.0,14.648813674254614
255.0,65.0,14.654868741636184
255.0,70.0,14.660519463187597
255.0,75.0,14.672568898680687
255.0,80.0,14.64458068760271
255.0,85.0,14.616055162434636
255.0,90.0,14.534958148663772
260.0,-90.0,14.405611173066939
260.0,-85.0,14.428670164177516
260.0,-80.0,14.419305338753242
260.0,-75.0,14.40285028790469
260.0,-70.0,14.43976181643106
260.0,-65.0,14.440379813623089
260.0,-60.0,14.490120898983593
260.0,-55.0,14.514903797488374
260.0,-50.0,14.484300773002904
260.0,-45.0,14.445539295259644
260.0,-40.0,14.442741900842618
260.0,-35.0,14.489394460445544
260.0,-30.0,14.55860974869261
260.0,-25.0,14.522677238759112
260.0,-20.0,14.520482956134526
260.0,-15.0,14.414651136544437
260.0,-10.0,14.12626531530638
260.0,-5.0,13.095051035931187
260.0,0.0,11.957021298007756
260.0,5.0,12.482142915812972
260.0,10.0,13.309426688009474
260.0,15.0,13.792422491253937
260.0,20.0,14.210051696752805
260.0,25.0,14.308721906773908
260.0,30.0,14.310156187765607
260.0,35.0,14.339027986050974
260.0,40.0,14.401565148876275
260.0,45.0,14.434526063933225
260.0,50.0,14.555342889400698
260.0,55.0,14.637093565767014
260.0,60.0,14.673079703863582
260.0,65.0,14.677296971677519
260.0,70.0,14.649686877304546
260.0,75.0,14.651743652484113
260.0,80.0,14.635504758425366
260.0,85.0,14.628567667912339
260.0,90.0,14.534958148663772
265.0,-90.0,14.405611173066939
265.0,-85.0,14.439152496303999
265.0,-80.0,14.379584034406731
265.0,-75.0,14.340805206525683
265.0,-70.0,14.407560128309711
265.0,-65.0,14.444924636957783
265.0,-60.0,14.462804458060196
265.0,-55.0,14.502374854035166
265.0,-50.0,14.483127855656685
265.0,-45.0,14.450867874245391
265.0,-40.0,14.437354615559817
265.0,-35.0,14.439463197339663
265.0,-30.0,14.542289195566925
265.0,-25.0,14.491312312039915
265.0,-20.0,14.496717284151824
265.0,-15.0,14.364287634571228
265.0,-10.0,14.18686062186018
265.0,-5.0,12.16493891764593
265.0,0.0,11.907480824679455
265.0,5.0,12.625769022604064
265.0,10.0,13.882503207660246
265.0,15.0,14.225749741946695
265.0,20.0,14.397629304954782
265.0,25.0,14.39346501554248
265.0,30.0,14.430599094608315
265.0,35.0,14.48704155494701
265.0,40.0,14.514516020109685
265.0,45.0,14.523956592162875
265.0,50.0,14.638870626109442
265.0,55.0,14.683104572100666
265.0,60.0,14.694256985860754
265.0,65.0,14.650827472274536
265.0,70.0,14.633503326569711
265.0,75.0,14.637818043368064
265.0,80.0,14.63165103248354
265.0,85.0,14.616140429853253
265.0,90.0,14.534958148663772
270.0,-90.0,14.405611173066939
270.0,-85.0,14.426846300087318
270.0,-80.0,14.371379765132534
270.0,-75.0,14.301260006284544
270.0,-70.0,14.330308238269383
270.0,-65.0,14.418677616374795
270.0,-60.0,14.461846109039577
270.0,-55.0,14.470842832765314
270.0,-50.0,14.489689028422108
270.0,-45.0,14.471405609503314
270.0,-40.0,14.480926167643535
270.0,-35.0,14.527794410588907
270.0,-30.0,14.585381016241715
270.0,-25.0,14.537818845483908
270.0,-20.0,14.493195623683086
270.0,-15.0,14.372325719723952
270.0,-10.0,14.374365555247524
270.0,-5.0,12.303960902773593
270.0,0.0,11.312349779152335
270.0,5.0,13.012793156880576
270.0,10.0,14.157680151405266
270.0,15.0,14.422229687065181
270.0,20.0,14.547460654848953
270.0,25.0,14.52227668064347
270.0,30.0,14.574232803084016
270.0,35.0,14.645461125748154
270.0,40.0,14.623053292995984
270.0,45.0,14.647403248636259
270.0,50.0,14.711471072034792
270.0,55.0,14.70340647060519
270.0,60.0,14.647871298007194
270.0,65.0,14.635369590874106
270.0,70.0,14.59186493391802
270.0,75.0,14.632933674449278
270.0,80.0,14.594683404803055
270.0,85.0,14.607127953578514
270.0,90.0,14.534958148663772
275.0,-90.0,14.405611173066939
275.0,-85.0,14.408604364283493
275.0,-80.0,14.329116463236504
275.0,-75.0,14.228083898572695
275.0,-70.0,14.332427425819885
275.0,-65.0,14.388896643087659
275.0,-60.0,14.445461592820694
275.0,-55.0,14.4825092133204
275.0,-50.0,14.467997841339258
275.0,-45.0,14.44415667501365
275.0,-40.0,14.535517201066071
275.0,-35.0,14.503079825802164
275.0,-30.0,14.57169874425298
275.0,-25.0,14.61091808383383
275.0,-20.0,14.585319818561064
275.0,-15.0,14.549950678855227
275.0,-10.0,14.56024686647654
275.0,-5.0,12.507269236051448
275.0,0.0,11.8876910539227
275.0,5.0,13.134411635133244
275.0,10.0,14.328205863006847
275.0,15.0,14.52071571795771
275.0,20.0,14.604666851188478
275.0,25.0,14.672140910495935
275.0,30.0,14.72804499727791
275.0,35.0,14.707943286122465
275.0,40.0,14.693692600485354
275.0,45.0,14.728091583168922
275.0,50.0,14.735674462154778
275.0,55.0,14.706691398552069
275.0,60.0,14.630581101992728
275.0,65.0,14.60557970527466
275.0,70.0,14.585987209038025
275.0,75.0,14.622893849302404
275.0,80.0,14.57992549535713
275.0,85.0,14.609517832421204
275.0,90.0,14.534958148663772
280.0,-90.0,14.405611173066939
280.0,-85.0,14.394765677053938
280.0,-80.0,14.301543267657387
280.0,-75.0,14.201309000197249
280.0,-70.0,14.326133191240675
280.0,-65.0,14.420682778881616
280.0,-60.0,14.432677172950772
280.0,-55.0,14.452033361221948
280.0,-50.0,14.453375185304793
280.0,-45.0,14.424759521109568
280.0,-40.0,14.430046690326126
280.0,-35.0,14.495153712627166
280.0,-30.0,14.57235705714778
280.0,-25.0,14.655525897451403
280.0,-20.0,14.677710502763457
280.0,-15.0,14.642427282260726
280.0,-10.0,14.62607519168725
280.0,-5.0,13.244404932236051
280.0,0.0,12.172924281836293
280.0,5.0,12.858326660803716
280.0,10.0,14.415665700113257
280.0,15.0,14.647868381056835
280.0,20.0,14.708557979555884
280.0,25.0,14.775972960665728
280.0,30.0,14.803364792725317
280.0,35.0,14.768684466854584
280.0,40.0,14.755526512809647
280.0,45.0,14.769405440526665
280.0,50.0,14.756640511835691
280.0,55.0,14.710140327343106
280.0,60.0,14.658600642201057
280.0,65.0,14.614023431855093
280.0,70.0,14.574883773317868
280.0,75.0,14.58878481986281
280.0,80.0,14.578263880990198
280.0,85.0,14.602172624278209
280.0,90.0,14.534958148663772
285.0,-90.0,14.405611173066939
285.0,-85.0,14.40510503404025
285.0,-80.0,14.31918830661745
285.0,-75.0,14.207370964094762
285.0,-70.0,14.34205853662912
285.0,-65.0,14.397717326799237
285.0,-60.0,14.390217862166592
285.0,-55.0,14.403688869096323
285.0,-50.0,14.42169427040074
285.0,-45.0,14.379279908908053
285.0,-40.0,14.348628818622913
285.0,-35.0,14.433754637777291
285.0,-30.0,14.487325481627286
285.0,-25.0,14.549469002061794
285.0,-20.0,14.622039879801116
285.0,-15.0,14.622727822586018
285.0,-10.0,14.55932108764164
285.0,-5.0,14.216084831460162
285.0,0.0,12.170388419873849
285.0,5.0,13.565853604929279
285.0,10.0,14.688337633924197
285.0,15.0,14.791714486856781
285.0,20.0,14.786161849734953
285.0,25.0,14.824232458138566
285.0,30.0,14.84288919102042
285.0,35.0,14.799893756758342
285.0,40.0,14.770548612995215
285.0,45.0,14.74447908583668
285.0,50.0,14.705258899636828
285.0,55.0,14.65468779303552
285.0,60.0,14.649948104910433
285.0,65.0,14.603636097582001
285.0,70.0,14.528506149639044
285.0,75.0,14.564441921568143
285.0,80.0,14.56624678535809
285.0,85.0,14.590404329150143
285.0,90.0,14.534958148663772
290.0,-90.0,14.405611173066939
290.0,-85.0,14.421038568925407
290.0,-80.0,14.342059734971151
290.0,-75.0,14.210525394810308
290.0,-70.0,14.317131034780717
290.0,-65.0,14.336091171396287
290.0,-60.0,14.346782107894374
290.0,-55.0,14.366178345147963
290.0,-50.0,14.286073253403876
290.0,-45.0,14.32521594422575
290.0,-40.0,14.31605643056366
290.0,-35.0,14.290197782219103
290.0,-30.0,14.428552602516909
290.0,-25.0,14.427961413530383
290.0,-20.0,14.532547857165556
290.0,-15.0,14.57158266109765
290.0,-10.0,14.600251629852112
290.0,-5.0,14.554689817768077
290.0,0.0,12.066350348794515
290.0,5.0,13.284619156435976
290.0,10.0,14.572889193853287
290.0,15.0,14.75620998228452
290.0,20.0,14.784791689153172
290.0,25.0,14.824408515013857
290.0,30.0,14.814102751239869
290.0,35.0,14.765154863345085
290.0,40.0,14.701774227274278
290.0,45.0,14.673853216851969
290.0,50.0,14.5924735950654
290.0,55.0,14.571766397999854
290.0,60.0,14.613264785506729
290.0,65.0,14.595498695637461
290.0,70.0,14.534842181973206
290.0,75.0,14.549026498216229
290.0,80.0,14.548774692702166
290.0,85.0,14.586337054820826
290.0,90.0,14.534958148663772
295.0,-90.0,14.405611173066939
295.0,-85.0,14.41291811837001
295.0,-80.0,14.353924041492578
295.0,-75.0,14.246449015535957
295.0,-70.0,14.359841388029013
295.0,-65.0,14.291240148239476
295.0,-60.0,14.311725839417626
295.0,-55.0,14.242078133682071
295.0,-50.0,14.225859946705192
295.0,-45.0,14.21361589963481
295.0,-40.0,14.166028749240994
295.0,-35.0,14.2673711913803
295.0,-30.0,14.302553800231857
295.0,-25.0,14.362747930892425
295.0,-20.0,14.484580139975778
295.0,-15.0,14.56073963165638
295.0,-10.0,14.602266169473117
295.0,-5.0,14.258108938032743
295.0,0.0,14.678919652573125
295.0,5.0,13.522121275309892
295.0,10.0,14.511146367536629
295.0,15.0,14.663773044864698
295.0,20.0,14.729167663563594
295.0,25.0,14.767572428770915
295.0,30.0,14.740380086686965
295.0,35.0,14.64725693493368
295.0,40.0,14.609697013340966
295.0,45.0,14.539060714295465
295.0,50.0,14.509496762316386
295.0,55.0,14.510257761031394
295.0,60.0,14.520250537714642
295.0,65.0,14.552532957935359
295.0,70.0,14.54407951674164
295.0,75.0,14.529887454842513
295.0,80.0,14.546461859170238
295.0,85.0,14.589138087042018
295.0,90.0,14.534958148663772
300.0,-90.0,14.405611173066939
300.0,-85.0,14.395514849104062
300.0,-80.0,14.380672417613619
300.0,-75.0,14.2968147924042
300.0,-70.0,14.331708859438077
300.0,-65.0,14.30259740067168
300.0,-60.0,14.258276623115604
300.0,-55.0,14.224274420982756
300.0,-50.0,14.168716821390518
300.0,-45.0,14.12821783877058
300.0,-40.0,13.840379182094987
300.0,-35.0,14.066434045160912
300.0,-30.0,14.05715465112823
300.0,-25.0,14.252128852099945
300.0,-20.0,14.539149727227404
300.0,-15.0,14.612454114980386
300.0,-10.0,14.655072911147808
300.0,-5.0,14.288063193542179
300.0,0.0,12.376664833700893
300.0,5.0,13.364066024465188
300.0,10.0,14.754285408483176
300.0,15.0,14.862425950543292
300.0,20.0,14.842929029778618
300.0,25.0,14.760373227989911
300.0,30.0,14.687388509653303
300.0,35.0,14.62306845767184
300.0,40.0,14.51090774138273
300.0,45.0,14.489387129884552
300.0,50.0,14.460368206476607
300.0,55.0,14.462752664396099
300.0,60.0,14.464106353344576
300.0,65.0,14.548043116365474
300.0,70.0,14.516481249216358
300.0,75.0,14.521469772555614
300.0,80.0,14.529825867611441
300.0,85.0,14.575283950559868
300.0,90.0,14.534958148663772
305.0,-90.0,14.405611173066939
305.0,-85.0,14.391551094730676
305.0,-80.0,14.403687129898369
305.0,-75.0,14.344576117364808
305.0,-70.0,14.330306900478147
305.0,-65.0,14.267025455897944
305.0,-60.0,14.270338885559154
305.0,-55.0,14.236408779801806
305.0,-50.0,14.2463718771848
305.0,-45.0,14.252777180460793
305.0,-40.0,14.099665466095365
305.0,-35.0,14.061089927599381
305.0,-30.0,14.018078593368804
305.0,-25.0,14.146936065200526
305.0,-20.0,14.470827964842108
305.0,-15.0,14.610595698541626
305.0,-10.0,14.716406267049459
305.0,-5.0,14.4512075746426
305.0,0.0,12.660241912357757
305.0,5.0,14.632266765341514
305.0,10.0,14.749483323104432
305.0,15.0,14.861449827563133
305.0,20.0,14.839043839503487
305.0,25.0,14.747533287783021
305.0,30.0,14.633013174467946
305.0,35.0,14.580347567202697
305.0,40.0,14.480338530530721
305.0,45.0,14.420098083720395
305.0,50.0,14.448718162359627
305.0,55.0,14.407865663822044
305.0,60.0,14.438139901669972
305.0,65.0,14.487459899132428
305.0,70.0,14.504305069648522
305.0,75.0,14.505289779049754
305.0,80.0,14.530926420860231
305.0,85.0,14.55992310489098
305.0,90.0,14.534958148663772
310.0,-90.0,14.405611173066939
310.0,-85.0,14.392007502881047
310.0,-80.0,14.400180110118844
310.0,-75.0,14.355205934323775
310.0,-70.0,14.266410745971793
310.0,-65.0,14.179013437484686
310.0,-60.0,14.233909074457715
310.0,-55.0,14.29246995525292
310.0,-50.0,14.298932787732678
310.0,-45.0,14.261369820560324
310.0,-40.0,14.234082358959185
310.0,-35.0,14.26142934045799
310.0,-30.0,14.29719179179565
310.0,-25.0,14.336776224072539
310.0,-20.0,14.490184543982549
310.0,-15.0,14.643562774375397
310.0,-10.0,14.789567800199963
310.0,-5.0,14.165665653136791
310.0,0.0,12.53989172892457
310.0,5.0,13.842506802442578
310.0,10.0,14.703615997032841
310.0,15.0,14.798911996252459
310.0,20.0,14.804617570385995
310.0,25.0,14.787649364203098
310.0,30.0,14.666456725909056
310.0,35.0,14.592017725101883
310.0,40.0,14.502737427140973
310.0,45.0,14.41980793905842
310.0,50.0,14.369772091373562
310.0,55.0,14.377234308852962
310.0,60.0,14.45164315284618
310.0,65.0,14.483206235053753
310.0,70.0,14.474499796969289
310.0,75.0,14.494316269931755
310.0,80.0,14.52094685415754
310.0,85.0,14.542974988575386
310.0,90.0,14.534958148663772
315.0,-90.0,14.405611173066939
315.0,-85.0,14.372656511355151
315.0,-80.0,14.438237952645604
315.0,-75.0,14.418491825579387
315.0,-70.0,14.333759989692146
315.0,-65.0,14.15217569468923
315.0,-60.0,14.194479918998747
315.0,-55.0,14.326513736654322
315.0,-50.0,14.361663032843135
315.0,-45.0,14.218714616088768
315.0,-40.0,14.262131322203984
315.0,-35.0,14.263005432780158
315.0,-30.0,14.505525563851409
315.0,-25.0,14.485523005479967
315.0,-20.0,14.53098458421664
315.0,-15.0,14.63846632747648
315.0,-10.0,14.853302823501963
315.0,-5.0,14.604073855502236
315.0,0.0,13.287219752525804
315.0,5.0,14.143685770674033
315.0,10.0,14.844296680171096
315.0,15.0,14.822711265961399
315.0,20.0,14.826438264861402
315.0,25.0,14.788888060411214
315.0,30.0,14.701662600774391
315.0,35.0,14.567517250131813
315.0,40.0,14.42963593894754
315.0,45.0,14.299321240857516
315.0,50.0,14.275802197147268
315.0,55.0,14.31595612859963
315.0,60.0,14.443620366868007
315.0,65.0,14.477753269833974
315.0,70.0,14.46163819751499
315.0,75.0,14.477461854776086
315.0,80.0,14.498079116440286
315.0,85.0,14.519610559271605
315.0,90.0,14.534958148663772
320.0,-90.0,14.405611173066939
320.0,-85.0,14.374126371165595
320.0,-80.0,14.43010253356875
320.0,-75.0,14.431127060698097
320.0,-70.0,14.288713813965252
320.0,-65.0,14.151635564593168
320.0,-60.0,14.177969701335416
320.0,-55.0,14.348001091372339
320.0,-50.0,14.332003253839105
320.0,-45.0,14.216107428902921
320.0,-40.0,14.306512643991894
320.0,-35.0,14.382425179118561
320.0,-30.0,14.5456121657958
320.0,-25.0,14.695634130303516
320.0,-20.0,14.75244304351716
320.0,-15.0,14.829625382053846
320.0,-10.0,14.8775609110079
320.0,-5.0,14.850468399866575
320.0,0.0,12.85409786429654
320.0,5.0,14.69993273932904
320.0,10.0,14.944716567374295
320.0,15.0,14.897460868817184
320.0,20.0,14.866645851846224
320.0,25.0,14.825495882560233
320.0,30.0,14.740082727668907
320.0,35.0,14.568277650792817
320.0,40.0,14.356491899768908
320.0,45.0,14.22149533877216
320.0,50.0,14.190177904851213
320.0,55.0,14.259693811253252
320.0,60.0,14.441559347607058
320.0,65.0,14.468659612054795
320.0,70.0,14.446477482777928
320.0,75.0,14.456782043010639
320.0,80.0,14.476418529586395
320.0,85.0,14.529985573016171
320.0,90.0,14.534958148663772
325.0,-90.0,14.405611173066939
325.0,-85.0,14.373353410280973
325.0,-80.0,14.44640023604898
325.0,-75.0,14.403269988346732
325.0,-70.0,14.306763362554406
325.0,-65.0,14.165414251045881
325.0,-60.0,14.254360861747235
325.0,-55.0,14.33962831547098
325.0,-50.0,14.354920509487052
325.0,-45.0,14.414424637042602
325.0,-40.0,14.412645933650307
325.0,-35.0,14.392758351648114
325.0,-30.0,14.593060111679643
325.0,-25.0,14.80484498462327
325.0,-20.0,14.911788524839118
325.0,-15.0,15.016953509192707
325.0,-10.0,14.73658221159421
325.0,-5.0,14.730569918105564
325.0,0.0,12.15521368780044
325.0,5.0,14.635506140307772
325.0,10.0,14.972448856819355
325.0,15.0,15.140675812695514
325.0,20.0,15.163822447916495
325.0,25.0,15.00677577182178
325.0,30.0,15.017434351355604
325.0,35.0,14.934421433850916
325.0,40.0,14.681132478149122
325.0,45.0,14.347426024871362
325.0,50.0,14.115533896137281
325.0,55.0,14.249064968719296
325.0,60.0,14.433055593202758
325.0,65.0,14.422472905260625
325.0,70.0,14.466347484184318
325.0,75.0,14.464869621262812
325.0,80.0,14.460886121629345
325.0,85.0,14.52747938357186
325.0,90.0,14.534958148663772
330.0,-90.0,14.405611173066939
330.0,-85.0,14.37521188213396
330.0,-80.0,14.402270056075471
330.0,-75.0,14.410870753223053
330.0,-70.0,14.337421226427775
330.0,-65.0,14.199647944791069
330.0,-60.0,14.233308011928823
330.0,-55.0,14.406851147064446
330.0,-50.0,14.452462144600654
330.0,-45.0,14.57294000489922
330.0,-40.0,14.478271793881222
330.0,-35.0,14.451050776413648
330.0,-30.0,14.512048740764127
330.0,-25.0,14.841769655275415
330.0,-20.0,15.065106212714566
330.0,-15.0,15.161061245287444
330.0,-10.0,15.077779164291583
330.0,-5.0,14.835295267142325
330.0,0.0,12.013132008749892
330.0,5.0,14.700813679096855
330.0,10.0,14.859730396697342
330.0,15.0,15.122066668143368
330.0,20.0,15.10399273270878
330.0,25.0,15.058174205631266
330.0,30.0,14.990095313968757
330.0,35.0,14.775311434540962
330.0,40.0,14.732954710072507
330.0,45.0,14.49248031010888
330.0,50.0,14.223726694978726
330.0,55.0,14.289659190975083
330.0,60.0,14.415984618546378
330.0,65.0,14.408875796923788
330.0,70.0,14.457476161546875
330.0,75.0,14.466215700491347
330.0,80.0,14.465597544588332
330.0,85.0,14.531503876034241
330.0,90.0,14.534958148663772
335.0,-90.0,14.405611173066939
335.0,-85.0,14.367972269860228
335.0,-80.0,14.398987832185695
335.0,-75.0,14.381244034138003
335.0,-70.0,14.342126247239921
335.0,-65.0,14.218235377488968
335.0,-60.0,14.259230305512515
335.0,-55.0,14.379179556708575
335.0,-50.0,14.476774445271303
335.0,-45.0,14.506198297148277
335.0,-40.0,14.506796762796927
335.0,-35.0,14.559399685914482
335.0,-30.0,14.64366683387622
335.0,-25.0,14.790385567202659
335.0,-20.0,14.863253103288237
335.0,-15.0,14.954051221236437
335.0,-10.0,15.211600091158717
335.0,-5.0,14.969753973417104
335.0,0.0,16.397219805032965
335.0,5.0,14.657528805107154
335.0,10.0,14.786400385575448
335.0,15.0,15.05392005531577
335.0,20.0,15.083370141973491
335.0,25.0,15.069863688205258
335.0,30.0,14.988022443250939
335.0,35.0,14.835242235253432
335.0,40.0,14.706986705486953
335.0,45.0,14.534374496850782
335.0,50.0,14.309824163892687
335.0,55.0,14.365085537232403
335.0,60.0,14.375005113853124
335.0,65.0,14.441498151205453
335.0,70.0,14.48102225038138
335.0,75.0,14.459697421204806
335.0,80.0,14.472473525013065
335.0,85.0,14.534857486551678
335.0,90.0,14.534958148663772
340.0,-90.0,14.405611173066939
340.0,-85.0,14.347200639869424
340.0,-80.0,14.391342718172769
340.0,-75.0,14.360110995943748
340.0,-70.0,14.256968556817244
340.0,-65.0,14.29962320617602
340.0,-60.0,14.301473938887938
340.0,-55.0,14.220336559286476
340.0,-50.0,14.368817985393756
340.0,-45.0,14.435834537553502
340.0,-40.0,14.544266325570849
340.0,-35.0,14.551077336153922
340.0,-30.0,14.59567920400442
340.0,-25.0,14.659600909363602
340.0,-20.0,14.901183026054847
340.0,-15.0,14.8516817361777
340.0,-10.0,15.234393043714688
340.0,-5.0,15.28837287126524
340.0,0.0,13.209343893093104
340.0,5.0,14.878582675553575
340.0,10.0,14.948756463887344
340.0,15.0,15.078356937356062
340.0,20.0,14.9334567315924
340.0,25.0,14.920780445338128
340.0,30.0,14.94175646706985
340.0,35.0,14.78386027988657
340.0,40.0,14.693435475327325
340.0,45.0,14.526291167728273
340.0,50.0,14.381079683477052
340.0,55.0,14.373704303279672
340.0,60.0,14.3838752260063
340.0,65.0,14.443304901766906
340.0,70.0,14.488358768320554
340.0,75.0,14.477124247195523
340.0,80.0,14.47359604722135
340.0,85.0,14.537871558130307
340.0,90.0,14.534958148663772
345.0,-90.0,14.405611173066939
345.0,-85.0,14.341844029179999
345.0,-80.0,14.359970769015751
345.0,-75.0,14.323536280902095
345.0,-70.0,14.231816553400765
345.0,-65.0,14.352182582251213
345.0,-60.0,14.240537012495498
345.0,-55.0,14.187844311382392
345.0,-50.0,14.283792595771528
345.0,-45.0,14.434567797749915
345.0,-40.0,14.589175905058273
345.0,-35.0,14.560381374355241
345.0,-30.0,14.545627909258604
345.0,-25.0,14.789509702651708
345.0,-20.0,14.984349534550166
345.0,-15.0,15.104163339975202
345.0,-10.0,15.246975351545336
345.0,-5.0,15.402802210886215
345.0,0.0,14.200824420229075
345.0,5.0,15.246607160260623
345.0,10.0,15.12674080794384
345.0,15.0,14.914276325919769
345.0,20.0,14.876728775674565
345.0,25.0,14.80661601557575
345.0,30.0,14.812515651000108
345.0,35.0,14.786843677842432
345.0,40.0,14.671146082259884
345.0,45.0,14.46757307078873
345.0,50.0,14.381920968668458
345.0,55.0,14.366467243867634
345.0,60.0,14.347666071271016
345.0,65.0,14.421709408495278
345.0,70.0,14.491952648041218
345.0,75.0,14.468575024547903
345.0,80.0,14.48792752651593
345.0,85.0,14.53683820154931
345.0,90.0,14.534958148663772
350.0,-90.0,14.405611173066939
350.0,-85.0,14.337978252344067
350.0,-80.0,14.342570045135206
350.0,-75.0,14.31467033352577
350.0,-70.0,14.224265677148956
350.0,-65.0,14.360871899702758
350.0,-60.0,14.20614003576447
350.0,-55.0,14.195882927414047
350.0,-50.0,14.292146790462343
350.0,-45.0,14.405192433991171
350.0,-40.0,14.454799446504044
350.0,-35.0,14.47842844822081
350.0,-30.0,14.665507799992568
350.0,-25.0,14.650780380167813
350.0,-20.0,14.761715512179444
350.0,-15.0,14.846135424291548
350.0,-10.0,14.896365919847852
350.0,-5.0,15.316601719608121
350.0,0.0,14.407723823828618
350.0,5.0,15.171824069902963
350.0,10.0,15.166058475616325
350.0,15.0,14.953141005952475
350.0,20.0,14.827370819051652
350.0,25.0,14.710671397041994
350.0,30.0,14.818841768212572
350.0,35.0,14.798332547867783
350.0,40.0,14.648671405710216
350.0,45.0,14.484105089409113
350.0,50.0,14.43825056683601
350.0,55.0,14.38363518571392
350.0,60.0,14.370115874969692
350.0,65.0,14.413971367625248
350.0,70.0,14.481224840265302
350.0,75.0,14.460725615617493
350.0,80.0,14.48085076475331
350.0,85.0,14.53597691013547
350.0,90.0,14.534958148663772
355.0,-90.0,14.405611173066939
355.0,-85.0,14.335640294382003
355.0,-80.0,14.293056005836437
355.0,-75.0,14.292385568589863
355.0,-70.0,14.226439475406652
355.0,-65.0,14.379364013716334
355.0,-60.0,14.155732040183668
355.0,-55.0,14.19137257897556
355.0,-50.0,14.24453090130862
355.0,-45.0,14.313898821266154
355.0,-40.0,14.34564866669186
355.0,-35.0,14.433745095836535
355.0,-30.0,14.48152566118028
355.0,-25.0,14.565685216424043
355.0,-20.0,14.763894654424261
355.0,-15.0,14.803101782604625
355.0,-10.0,14.959762980514613
355.0,-5.0,15.03850253746036
355.0,0.0,14.823369049157504
355.0,5.0,15.18821954554461
355.0,10.0,14.850759047958235
355.0,15.0,15.096453906923756
355.0,20.0,14.844694086236604
355.0,25.0,14.781462118200368
355.0,30.0,14.727127442023034
355.0,35.0,14.779002757845175
355.0,40.0,14.618092246684885
355.0,45.0,14.515458111487483
355.0,50.0,14.481202458080094
355.0,55.0,14.4257002179532
355.0,60.0,14.38329681359691
355.0,65.0,14.400049044716404
355.0,70.0,14.44570433934695
355.0,75.0,14.44235190410733
355.0,80.0,14.472055153197
355.0,85.0,14.54932496180809
355.0,90.0,14.534958148663772
